,repo_name,release_count,age,star_count,latest_commit_date,time_from_latest_commit,fork,archived
0,earwig/mwparserfromhell,23,4484,738,2024-07-20 00:48:12+00:00,41,0,0
1,edx/course-discovery,10,3215,56,2024-08-28 20:44:56+00:00,1,0,0
3,CellProfiler/CellProfiler,34,4895,891,2024-08-23 20:57:18+00:00,6,0,0
4,DigitalCampus/django-oppia,42,4090,17,2024-08-29 05:17:44+00:00,1,0,0
5,OpenTransitTools/gtfsdb,5,3452,155,2023-12-12 21:44:27+00:00,261,0,0
7,Ulauncher/Ulauncher,147,3399,3614,2024-08-18 10:39:18+00:00,12,0,0
8,canonical/cloud-init,35,3613,2846,2024-08-29 16:04:58+00:00,1,0,0
9,codalab/codalab-cli,121,3559,154,2024-05-21 18:37:15+00:00,101,0,0
10,exaile/exaile,29,3652,360,2024-08-05 01:09:13+00:00,25,0,0
11,google/clusterfuzz,35,2039,5263,2024-08-29 03:53:53+00:00,1,0,0
12,kobotoolbox/kobocat,59,3937,117,2024-08-16 13:23:56+00:00,14,0,0
14,mdtraj/mdtraj,27,4311,577,2024-07-19 14:09:39+00:00,42,0,0
15,mozilla-services/shavar-list-creation,5,3627,15,2024-08-23 17:09:45+00:00,7,0,0
16,mozilla/telemetry-airflow,45,3033,174,2024-08-29 17:00:16+00:00,1,0,0
17,sagemath/sage,115,4465,1289,2024-08-10 20:04:33+00:00,19,0,0
18,salopensource/sal-scripts,43,3313,23,2023-09-21 18:41:46+00:00,344,0,0
20,widdowquinn/pyani,16,3530,192,2024-08-09 11:55:33+00:00,21,0,0
21,z411/trackma,21,4401,765,2024-08-11 21:08:33+00:00,18,0,0
22,Adapter-Hub/adapter-transformers,21,1591,2508,2024-08-22 18:30:45+00:00,8,0,0
24,PyTorchLightning/pytorch-lightning,160,1978,27853,2024-08-22 13:59:19+00:00,8,0,0
25,cltk/cltk,78,3882,830,2024-05-12 22:59:32+00:00,109,0,0
28,googlefonts/fontbakery,55,4212,542,2024-08-23 05:40:30+00:00,7,0,0
30,NSLS-II/PyXRF,24,3437,30,2024-08-20 14:25:50+00:00,10,0,0
31,PierreRaybaut/PythonQwt,24,3295,85,2024-08-06 10:07:02+00:00,24,0,0
32,PierreRaybaut/guidata,26,3294,60,2024-08-29 17:21:09+00:00,1,0,0
33,cbrnr/mnelab,28,2623,238,2024-07-25 10:52:18+00:00,36,0,0
34,equinor/ert,475,2684,99,2024-08-29 20:09:23+00:00,0,0,0
35,kcjengr/QtPyVCP,44,2155,88,2024-08-15 19:25:34+00:00,14,0,0
36,pyvista/pyvistaqt,6,1568,104,2024-08-26 21:37:03+00:00,3,0,0
38,tohojo/flent,24,4342,429,2024-06-24 16:51:58+00:00,67,0,0
39,wkentaro/labelme,68,3034,13060,2024-08-24 07:02:54+00:00,6,0,0
41,deshaw/pyflyby,24,2154,345,2024-08-13 10:27:57+00:00,17,0,0
42,scrapy/parsel,15,3415,1117,2024-04-08 08:10:45+00:00,144,0,0
43,yashaka/selene,39,3422,690,2024-08-04 22:53:42+00:00,25,0,0
44,akretion/roulier,19,3055,21,2024-05-24 08:28:52+00:00,98,0,0
45,certtools/intelmq,44,3719,963,2024-08-27 09:55:28+00:00,3,0,0
49,6uhrmittag/taskbutler,9,2337,50,2023-07-18 08:51:07+00:00,409,0,0
53,Clinical-Genomics/scout,151,3611,148,2024-08-28 08:04:57+00:00,2,0,0
56,DMOJ/online-judge,5,3822,914,2024-08-22 02:52:26+00:00,8,0,0
57,DuckBoss/JJMumbleBot,63,2026,50,2024-02-08 05:10:14+00:00,204,0,0
59,HXLStandard/libhxl-python,83,3669,40,2024-08-27 08:17:39+00:00,3,0,0
60,JohnMaguire/Cardinal,32,4221,100,2024-07-24 20:01:01+00:00,36,0,0
62,Nettacker/Nettacker,12,2687,3177,2024-08-25 10:55:04+00:00,5,0,0
63,OCHA-DAP/hdx-ckan,691,3852,74,2024-08-29 12:08:11+00:00,1,0,0
64,PSLmodels/Tax-Calculator,97,3684,254,2024-08-21 16:11:55+00:00,9,0,0
65,RIPE-NCC/ripe-atlas-cousteau,28,3759,64,2023-01-20 15:14:30+00:00,588,0,0
66,RomelTorres/alpha_vantage,6,2679,4220,2024-07-18 16:46:48+00:00,43,0,0
67,SamSchott/maestral,57,2103,3083,2024-07-27 12:09:47+00:00,34,0,0
68,SickChill/SickChill,18,3211,2397,2024-03-01 06:25:11+00:00,182,0,0
69,SickGear/SickGear,65,3578,683,2024-08-13 11:28:31+00:00,17,0,0
71,StevenBlack/hosts,668,4521,26399,2024-08-29 18:19:45+00:00,1,0,0
72,Syncplay/syncplay,69,4452,2099,2024-08-10 07:37:46+00:00,20,0,0
73,WeblateOrg/weblate,97,4567,4466,2024-08-29 20:24:43+00:00,0,0,0
74,WorldWideTelescope/pywwt,53,2481,49,2024-06-25 17:47:03+00:00,66,0,0
76,akamhy/waybackpy,35,1580,460,2022-11-17 02:28:46+00:00,652,0,0
77,astropy/pyvo,30,4086,75,2024-08-28 06:20:46+00:00,2,0,0
78,avwx-rest/AVWX-Engine,25,3405,88,2024-06-13 03:56:57+00:00,78,0,0
79,callahantiff/PheKnowLator,10,2168,157,2024-04-08 01:38:19+00:00,144,0,0
80,cekit/cekit,72,2555,100,2024-07-02 14:12:42+00:00,59,0,0
81,ckan/ckanext-harvest,26,4655,130,2024-07-11 12:45:48+00:00,50,0,0
82,datawire/ambassador,205,2709,4336,2024-08-20 20:41:54+00:00,9,0,0
84,explosion/spaCy,125,3710,29573,2024-08-20 10:16:08+00:00,10,0,0
85,galaxyproject/galaxy,19,3475,1367,2024-08-28 19:46:55+00:00,1,0,0
87,grow/grow,164,3999,399,2024-06-03 16:41:52+00:00,88,0,0
88,gwpy/gwosc,15,2668,25,2023-05-09 13:09:35+00:00,479,0,0
89,ilastik/ilastik,10,4496,346,2024-08-28 09:24:49+00:00,2,0,0
91,jpmens/mqttwarn,20,3854,952,2024-01-18 08:49:53+00:00,225,0,0
92,jupyter/repo2docker,14,2669,1612,2024-08-29 07:00:14+00:00,1,0,0
94,lektor/lektor,44,3176,3803,2024-08-13 19:19:00+00:00,16,0,0
96,oemof/feedinlib,6,3689,99,2023-07-30 04:54:03+00:00,397,0,0
97,project-koku/koku,268,2351,264,2024-08-29 12:28:44+00:00,1,0,0
99,rhinstaller/anaconda,176,3495,531,2024-08-28 09:01:23+00:00,2,0,0
100,rolandgeider/wger,11,4240,3048,2024-08-29 12:14:13+00:00,1,0,0
101,romanvm/service.addic7ed,24,3597,20,2024-06-23 10:35:50+00:00,68,0,0
102,rotki/rotki,110,2369,2769,2024-08-29 13:47:17+00:00,1,0,0
103,rsmusllp/king-phisher,29,3891,2201,2022-11-07 16:21:41+00:00,662,0,0
105,streamlit/streamlit,83,1832,34318,2024-08-29 17:57:06+00:00,1,0,0
106,tobi-wan-kenobi/bumblebee-status,40,2860,1211,2024-06-11 13:04:30+00:00,80,0,0
107,xesscorp/KiCost,11,3346,502,2024-07-16 12:40:54+00:00,45,0,0
108,xirixiz/Home-Assistant-Sensor-Afvalwijzer,124,2345,175,2024-06-22 06:15:39+00:00,69,0,0
109,y0ssar1an/CSS3,50,3699,189,2024-07-19 17:00:39+00:00,42,0,0
111,Diaoul/spkrepo,7,3561,150,2024-02-25 11:33:18+00:00,187,0,0
112,EUDAT-B2SHARE/b2share,56,4229,35,2024-08-01 14:49:44+00:00,29,0,0
113,JARR-aggregator/JARR,18,3922,419,2024-08-09 21:49:34+00:00,20,0,0
116,NYPL-Simplified/circulation,74,3555,19,2024-07-29 15:00:48+00:00,32,0,0
118,OctoPrint/OctoPrint,145,4259,8215,2024-08-19 11:32:26+00:00,11,0,0
120,StartupsPoleEmploi/labonneboite,5,2562,42,2023-11-10 10:34:28+00:00,294,0,0
121,alephdata/aleph,29,3654,1996,2024-08-20 22:45:00+00:00,9,0,0
122,all-of-us/raw-data-repository,461,2933,40,2024-08-29 14:58:39+00:00,1,0,0
123,apache/airflow,88,3426,36042,2024-08-29 18:00:30+00:00,1,0,0
125,blockstack/blockstack-core,118,3628,3006,2024-08-20 16:15:34+00:00,10,0,0
127,dpgaspar/Flask-AppBuilder,40,3945,4616,2024-08-21 18:00:21+00:00,9,0,0
128,etalab/udata,99,3779,238,2024-08-28 16:42:56+00:00,2,0,0
129,fedora-infra/anitya,32,3926,243,2024-08-29 16:54:32+00:00,1,0,0
131,geopython/GeoHealthCheck,9,3642,84,2024-04-09 10:53:31+00:00,143,0,0
132,getredash/redash,98,3958,25856,2024-08-26 12:57:47+00:00,4,0,0
136,lyft/confidant,10,3275,1837,2024-08-21 19:06:51+00:00,8,0,0
143,sepro/MemoBoard,15,3107,35,2023-01-30 16:07:01+00:00,578,0,0
144,spiral-project/ihatemoney,13,4921,1162,2024-07-08 17:56:00+00:00,53,0,0
145,tetherless-world/whyis,5,3119,52,2024-08-27 17:08:10+00:00,3,0,0
146,voxpupuli/puppetboard,61,4049,712,2024-08-09 08:24:08+00:00,21,0,0
147,Clarifai/clarifai-python,34,3744,24,2024-08-28 13:37:25+00:00,2,0,0
148,Cornices/cornice,36,4705,382,2024-04-04 09:58:18+00:00,148,0,0
149,GeotrekCE/Geotrek-admin,351,4133,130,2024-08-29 07:21:07+00:00,1,0,0
151,MDAnalysis/mdanalysis,30,3435,1276,2024-08-26 10:07:49+00:00,4,0,0
152,Mergifyio/mergify-engine,9,2325,319,2023-09-07 09:36:44+00:00,358,0,0
153,OpenMined/PySyft,152,2598,9417,2024-08-29 16:20:00+00:00,1,0,0
154,PyMySQL/PyMySQL,7,4782,7631,2024-06-19 12:57:53+00:00,72,0,0
157,ansible/galaxy,7,3629,850,2024-02-06 17:30:32+00:00,206,0,0
158,blaze/distributed,8,3273,1562,2024-08-28 10:21:11+00:00,2,0,0
159,cfpb/cfgov-refresh,1586,3788,270,2024-08-27 15:23:40+00:00,3,0,0
160,cfpb/wagtail-sharing,27,2788,53,2024-01-09 14:22:46+00:00,234,0,0
161,circus-tent/circus,7,4586,1546,2022-11-24 21:46:32+00:00,644,0,0
162,clearlinux/autospec,13,3219,100,2024-08-01 23:49:45+00:00,28,0,0
163,corteva/geocube,30,1974,331,2024-06-26 13:57:22+00:00,65,0,0
164,delfick/photons,76,1518,73,2024-07-01 03:39:30+00:00,60,0,0
165,dj-stripe/dj-stripe,70,4042,1597,2024-08-23 11:50:48+00:00,7,0,0
167,elyra-ai/elyra,18,1772,1823,2024-08-23 15:35:41+00:00,7,0,0
168,facebookresearch/detectron2,10,1819,29848,2024-08-22 17:00:16+00:00,8,0,0
170,healthchecks/healthchecks,59,3353,7966,2024-08-29 13:30:28+00:00,1,0,0
171,httpie/httpie,46,4569,33240,2024-07-10 14:24:03+00:00,51,0,0
172,idan/oauthlib,48,4666,2781,2024-08-13 07:56:19+00:00,17,0,0
173,infobyte/faraday,85,3949,4797,2024-08-28 18:57:24+00:00,2,0,0
174,jazzband/pip-tools,69,4371,7668,2024-05-13 05:22:04+00:00,109,0,0
175,lbryio/lbry,282,3297,7193,2024-08-02 19:13:15+00:00,27,0,0
176,matrix-org/sydent,24,3671,290,2024-05-17 09:26:43+00:00,105,0,0
177,menpo/menpo,34,4141,324,2024-05-06 17:13:07+00:00,116,0,0
178,missionpinball/mpf,34,3716,214,2024-07-26 02:19:17+00:00,35,0,0
179,mlflow/mlflow,99,2277,18229,2024-08-29 19:06:14+00:00,0,0,0
180,mopidy/mopidy,17,5363,8002,2024-07-16 22:26:29+00:00,44,0,0
182,mopidy/mopidy-mpris,14,3978,35,2023-06-21 20:19:36+00:00,435,0,0
183,mopidy/mopidy-spotify,27,3977,930,2024-08-13 10:11:34+00:00,17,0,0
185,mozilla/addons-server,5,3863,863,2024-08-29 19:01:59+00:00,1,0,0
186,mozilla/kitsune,16,5329,1289,2024-08-29 19:48:26+00:00,0,0,0
187,mozilla/pontoon,29,4940,1441,2024-08-29 15:44:49+00:00,1,0,0
188,mozmeao/snippets-service,95,4136,31,2024-04-17 14:12:16+00:00,135,0,0
190,nipy/nibabel,40,5152,642,2024-07-26 13:09:43+00:00,35,0,0
191,openwisp/openwisp-monitoring,6,1623,161,2024-08-28 17:24:41+00:00,2,0,0
192,optuna/optuna,65,2381,10404,2024-08-29 05:37:20+00:00,1,0,0
193,pfnet/pfio,37,1955,52,2024-08-28 06:51:23+00:00,2,0,0
194,pfnet/pfrl,5,1527,1173,2024-08-04 17:00:39+00:00,26,0,0
196,praw-dev/asyncpraw,12,2032,107,2024-08-26 15:43:16+00:00,4,0,0
197,pypa/bandersnatch,31,2299,446,2024-08-27 12:51:14+00:00,3,0,0
198,pypa/readme_renderer,29,3836,158,2024-07-08 14:59:47+00:00,53,0,0
199,pyproj4/pyproj,52,3530,1036,2024-08-27 03:20:31+00:00,3,0,0
200,realsuayip/django-sozluk,19,1766,313,2024-08-09 19:24:01+00:00,20,0,0
201,rectalogic/mopidy-pandora,13,3536,27,2023-06-21 19:58:24+00:00,435,0,0
203,salesforce/django-declarative-apis,18,1875,26,2024-06-21 15:52:09+00:00,70,0,0
204,sphinx-doc/sphinx,57,3527,6374,2024-08-27 09:44:51+00:00,3,0,0
205,tensorflow/hub,20,2362,3462,2024-06-06 21:49:15+00:00,84,0,0
206,tfeldmann/organize,49,2535,2077,2024-08-06 16:09:38+00:00,24,0,0
207,torchbox/wagtail,244,3860,17812,2024-08-29 17:32:20+00:00,1,0,0
208,unknown-horizons/unknown-horizons,25,5120,1417,2023-12-21 00:22:43+00:00,253,0,0
210,zalando/connexion,138,3390,4473,2024-05-30 07:21:06+00:00,92,0,0
212,cclib/cclib,26,3895,324,2024-08-29 14:16:49+00:00,1,0,0
213,jsalt18-sentence-repl/jiant,19,2264,1636,2022-10-17 19:34:56+00:00,682,0,0
214,pantsbuild/pants,518,4273,3247,2024-08-29 13:57:01+00:00,1,0,0
215,spotdl/spotify-downloader,85,2976,16656,2024-08-26 10:58:17+00:00,4,0,0
218,1Prototype1/HexBot,6,1465,107,2023-10-04 18:27:12+00:00,331,0,0
220,ParadoxAlarmInterface/pai,35,2337,347,2024-08-26 20:24:11+00:00,3,0,0
223,laramies/theHarvester,26,4988,10990,2024-08-26 21:47:08+00:00,3,0,0
224,lgrahl/threema-msgapi-sdk-python,17,3446,50,2024-08-21 19:47:59+00:00,8,0,0
225,qtumproject/qtum-electrum,46,2551,72,2023-11-28 12:10:17+00:00,276,0,0
226,randovania/randovania,124,2548,186,2024-08-29 20:16:37+00:00,0,0,0
227,y-young/nazurin,24,1657,260,2024-07-03 14:44:50+00:00,58,0,0
228,abrt/faf,6,4227,46,2024-04-21 17:47:13+00:00,131,0,0
232,onepercentclub/bluebottle,369,3989,11,2024-08-28 11:46:05+00:00,2,0,0
233,santoshphilip/eppy,33,4352,151,2023-06-30 02:16:41+00:00,427,0,0
236,DLR-RM/BlenderProc,6,1785,2710,2024-08-16 14:30:03+00:00,14,0,0
237,DMS-Aus/Roam,15,3928,169,2023-05-08 01:10:40+00:00,480,0,0
238,StackStorm/st2,70,3781,6020,2024-07-31 12:43:59+00:00,30,0,0
239,awslabs/sockeye,76,2639,1210,2024-06-07 14:37:59+00:00,84,0,0
241,dataversioncontrol/dvc,544,2735,13546,2024-08-29 16:47:16+00:00,1,0,0
242,epinna/weevely3,12,3631,3147,2024-04-29 14:46:59+00:00,123,0,0
243,hammerlab/mhcflurry,28,3349,189,2024-07-28 17:46:46+00:00,33,0,0
244,hibtc/cpymad,16,3561,26,2024-04-26 00:07:04+00:00,126,0,0
245,metabrainz/picard,77,4761,3679,2024-08-29 12:18:54+00:00,1,0,0
246,patacrep/patacrep,6,4163,46,2024-07-01 07:10:20+00:00,60,0,0
247,poldracklab/niworkflows,171,2961,86,2024-08-05 23:51:09+00:00,24,0,0
248,ros-infrastructure/bloom,6,4480,58,2024-04-30 21:24:18+00:00,121,0,0
249,torchbox/django-pattern-library,8,1653,359,2024-01-17 12:02:32+00:00,226,0,0
250,borisbabic/browser_cookie3,6,3413,824,2023-07-17 16:50:26+00:00,410,0,0
251,ihaveamac/3dsconv,17,3058,506,2024-08-13 21:07:36+00:00,16,0,0
252,mkb79/Audible,35,1899,304,2024-07-26 11:32:28+00:00,35,0,0
255,psychopy/psychopy,110,5111,1664,2024-08-29 16:19:56+00:00,1,0,0
256,python-microscopy/python-microscopy,39,1736,83,2024-08-27 23:24:39+00:00,2,0,0
258,Baekalfen/PyBoy,32,3380,4564,2024-07-13 17:17:44+00:00,48,0,0
259,Breakthrough/PySceneDetect,33,3739,3094,2024-07-07 22:08:54+00:00,53,0,0
261,Clinical-Genomics/BALSAMIC,33,2366,44,2024-06-26 13:56:29+00:00,65,0,0
262,Cog-Creators/Red-DiscordBot,83,3162,4693,2024-08-28 13:47:35+00:00,2,0,0
264,DataDog/dd-trace-py,521,2992,512,2024-08-29 18:01:45+00:00,1,0,0
265,ESMValGroup/ESMValCore,50,1913,42,2024-08-23 15:21:42+00:00,7,0,0
266,FAForever/server,71,3593,67,2024-06-23 19:01:09+00:00,68,0,0
269,GoogleCloudPlatform/terraform-python-testing-helper,36,1988,209,2024-06-21 11:38:50+00:00,70,0,0
270,HTTP-APIs/hydrus,15,2816,193,2022-09-17 01:41:55+00:00,713,0,0
271,IBM/lale,84,1850,326,2024-08-28 11:05:55+00:00,2,0,0
272,JNRowe/pyisbn,10,5607,41,2024-05-31 15:33:58+00:00,91,0,0
274,KeepSafe/aiohttp,150,3984,14906,2024-08-29 19:34:08+00:00,0,0,0
275,KimiNewt/pyshark,16,3897,2195,2024-07-20 16:11:40+00:00,41,0,0
276,LLNL/spack,44,3886,4196,2024-08-29 18:49:53+00:00,1,0,0
277,Materials-Consortia/optimade-python-tools,86,2276,64,2024-08-26 13:55:25+00:00,4,0,0
280,MozillaSecurity/lithium,11,3340,94,2024-07-10 18:02:23+00:00,51,0,0
281,NSLS-II/ophyd,13,3585,49,2024-08-01 14:58:13+00:00,29,0,0
282,OGGM/oggm,22,3247,215,2024-08-25 16:52:58+00:00,5,0,0
283,OP2/PyOP2,116,4460,80,2024-06-18 09:26:54+00:00,73,0,0
284,PennyLaneAI/pennylane,58,2326,2253,2024-08-29 18:11:10+00:00,1,0,0
285,ProjectQ-Framework/ProjectQ,24,2801,874,2024-04-23 19:20:47+00:00,128,0,0
286,QCoDeS/Qcodes,83,3369,320,2024-08-29 05:46:26+00:00,1,0,0
288,SamR1/FitTrackee,81,2706,680,2024-08-25 14:19:34+00:00,5,0,0
289,SparkTC/enterprise_gateway,38,2687,616,2024-07-13 15:01:05+00:00,48,0,0
290,StellarCN/py-stellar-base,148,3261,342,2024-08-19 06:17:06+00:00,11,0,0
291,Telefonica/toolium,63,3235,113,2024-07-15 10:35:43+00:00,46,0,0
292,TileDB-Inc/TileDB-Py,140,2658,184,2024-08-29 14:35:49+00:00,1,0,0
293,Toblerity/Fiona,23,4625,1143,2024-08-26 18:22:41+00:00,4,0,0
294,Toblerity/rtree,13,4820,615,2024-08-05 00:35:58+00:00,25,0,0
295,Trusted-AI/adversarial-robustness-toolbox,58,2359,4725,2024-08-28 21:37:17+00:00,1,0,0
296,Ultimaker/Uranium,7,3580,322,2024-08-16 12:50:04+00:00,14,0,0
297,XKNX/xknx,121,3126,285,2024-08-26 13:08:56+00:00,4,0,0
298,acsone/setuptools-odoo,21,3257,41,2024-03-16 13:27:21+00:00,167,0,0
299,aio-libs/aiohttp-session,24,3514,236,2023-12-01 00:34:47+00:00,273,0,0
301,akrherz/pyIEM,30,4254,41,2024-08-15 17:48:38+00:00,15,0,0
302,albermax/innvestigate,6,2451,1252,2023-10-12 14:56:47+00:00,323,0,0
304,amphibian-dev/toad,9,2190,473,2024-07-10 01:48:10+00:00,51,0,0
305,ansible-community/ansible-lint,97,4033,3427,2024-08-27 08:12:15+00:00,3,0,0
306,ansible/ansible,99,4559,62205,2024-08-29 19:25:17+00:00,0,0,0
307,appium/python-client,9,3797,1647,2024-08-29 17:43:37+00:00,1,0,0
308,aws/sagemaker-xgboost-container,6,1927,121,2024-07-25 21:49:32+00:00,35,0,0
309,awslabs/autogluon,33,1858,7581,2024-08-29 18:10:39+00:00,1,0,0
310,beer-garden/beer-garden,66,2399,256,2024-08-29 19:01:27+00:00,1,0,0
313,bmoscon/cryptofeed,73,2448,2184,2024-08-28 11:38:14+00:00,2,0,0
314,braindecode/braindecode,5,1696,773,2024-06-19 07:08:18+00:00,72,0,0
315,brechtm/rinohtype,15,3959,499,2024-08-20 08:18:01+00:00,10,0,0
316,bsmurphy/PyKrige,11,3619,751,2024-05-27 22:09:08+00:00,94,0,0
319,cobbler/cobbler,42,4678,2592,2024-08-09 07:56:59+00:00,21,0,0
320,cobrateam/splinter,14,5093,2710,2024-08-06 15:09:25+00:00,24,0,0
321,codeforpdx/recordexpungPDX,73,2148,50,2024-08-28 01:37:22+00:00,2,0,0
322,creare-com/podpac,16,2361,43,2024-06-28 17:07:07+00:00,63,0,0
323,cylc/cylc,100,4837,326,2024-08-29 11:01:01+00:00,1,0,0
324,darcymason/pydicom,29,3955,1870,2024-08-26 21:54:44+00:00,3,0,0
325,databricks/koalas,47,2064,3327,2023-09-21 03:12:16+00:00,344,0,0
326,dateutil/dateutil,20,3571,2311,2024-07-29 15:08:02+00:00,32,0,0
327,davidh-ssec/polar2grid,9,4460,71,2024-08-25 02:01:35+00:00,5,0,0
328,dbcli/mssql-cli,9,2512,1352,2023-04-11 00:18:45+00:00,507,0,0
329,dhimmel/obonet,6,3392,135,2024-07-20 13:19:19+00:00,41,0,0
330,dnouri/skorch,16,2599,5747,2024-05-30 14:31:49+00:00,92,0,0
331,dropbox/dropbox-sdk-python,95,3365,930,2024-06-03 16:22:04+00:00,88,0,0
332,dstrigl/htheatpump,10,2751,20,2024-08-25 09:42:19+00:00,5,0,0
334,edx/edx-lint,33,3500,50,2024-08-23 14:47:02+00:00,7,0,0
335,equinor/gordo,218,2150,26,2024-07-09 04:57:36+00:00,52,0,0
336,fchollet/keras,70,3442,61517,2024-08-29 17:51:33+00:00,1,0,0
337,fitodic/centerline,6,3562,263,2024-05-26 11:56:11+00:00,96,0,0
338,flairNLP/flair,26,2271,13790,2024-08-23 15:38:46+00:00,7,0,0
339,flashcode/msgcheck,8,4256,12,2024-05-24 08:31:16+00:00,98,0,0
340,frgfm/torch-cam,8,1620,1957,2024-08-22 19:31:14+00:00,7,0,0
341,gaphor/gaphas,55,5550,164,2024-08-26 23:32:11+00:00,3,0,0
342,gaphor/gaphor,64,5544,1815,2024-08-27 10:40:14+00:00,3,0,0
344,geopy/geopy,37,5291,4421,2023-11-23 21:41:49+00:00,280,0,0
345,getnikola/nikola,80,4520,2596,2024-08-28 20:41:50+00:00,1,0,0
346,gijzelaerr/python-snap7,21,3977,642,2024-07-25 12:00:16+00:00,36,0,0
347,glotzerlab/signac,14,2037,129,2024-08-01 13:08:25+00:00,29,0,0
348,hachmannlab/ChemML,5,2457,159,2023-10-08 15:27:11+00:00,327,0,0
349,hugovk/pypistats,29,2168,196,2024-08-06 14:46:06+00:00,24,0,0
350,ishepard/pydriller,43,2353,825,2024-08-27 10:08:00+00:00,3,0,0
351,jgayfer/pydest,5,2578,70,2024-05-23 15:56:21+00:00,99,0,0
352,jhfjhfj1/autokeras,59,2474,9102,2024-03-20 22:02:12+00:00,162,0,0
353,joke2k/faker,280,4307,17527,2024-08-23 16:28:25+00:00,7,0,0
354,josuebrunel/yahoo-oauth,7,3377,64,2024-08-20 04:19:36+00:00,10,0,0
355,k-bx/python-semver,19,4587,461,2024-07-16 13:00:18+00:00,45,0,0
356,kbandla/dpkt,11,4467,1084,2024-05-05 16:48:10+00:00,117,0,0
357,kenfar/DataGristle,5,4918,135,2022-11-12 04:33:17+00:00,657,0,0
358,larq/zoo,58,1946,104,2024-08-06 08:57:01+00:00,24,0,0
359,lbl-anp/becquerel,17,2885,43,2024-06-05 23:50:04+00:00,85,0,0
362,mackelab/sbi,31,1661,563,2024-08-29 14:19:25+00:00,1,0,0
364,microsoft/graspologic,16,2183,754,2024-06-07 17:17:25+00:00,84,0,0
365,microsoft/playwright-python,89,1520,11437,2024-08-28 18:12:40+00:00,2,0,0
366,mindsdb/mindsdb,241,2219,26113,2024-08-28 12:09:41+00:00,2,0,0
367,mit-crpg/openmc,20,4788,742,2024-08-23 16:56:26+00:00,7,0,0
368,ml31415/numpy-groupies,14,4108,194,2024-07-29 05:50:13+00:00,32,0,0
369,nautechsystems/nautilus_trader,106,2257,1930,2024-08-29 20:24:01+00:00,0,0,0
370,nco/pynco,6,3881,91,2024-01-29 02:29:18+00:00,214,0,0
371,nengo/nengo,21,4149,814,2023-11-17 15:42:30+00:00,287,0,0
372,neo4j/neo4j-python-driver,105,3404,891,2024-08-29 11:30:35+00:00,1,0,0
374,nipy/nipype,43,5152,746,2024-05-30 14:50:18+00:00,92,0,0
375,ns1/ns1-python,7,2855,25,2024-07-24 18:42:09+00:00,37,0,0
376,nvictus/priority-queue-dictionary,7,4503,85,2024-08-01 02:02:20+00:00,29,0,0
377,oVirt/vdsm,22,4325,160,2024-06-07 09:07:37+00:00,84,0,0
379,odlgroup/odl,15,3220,361,2024-08-29 14:31:05+00:00,1,0,0
380,openstenoproject/plover,43,4460,2314,2024-03-28 16:36:57+00:00,155,0,0
381,opsdroid/opsdroid,50,2958,820,2024-07-25 08:38:35+00:00,36,0,0
382,osbuild/osbuild,131,2053,202,2024-08-28 23:45:48+00:00,1,0,0
383,pantsbuild/pex,275,3692,2518,2024-08-26 15:28:46+00:00,4,0,0
384,paulgavrikov/visualkeras,6,1434,550,2024-07-27 19:56:46+00:00,33,0,0
385,photosynthesis-team/photosynthesis.metrics,17,1715,1360,2023-07-04 21:20:06+00:00,422,0,0
386,playpauseandstop/rororo,46,4329,105,2024-08-16 19:22:28+00:00,13,0,0
387,plotly/dash,70,3429,21102,2024-08-28 14:25:29+00:00,2,0,0
388,probabilistic-numerics/probnum,29,1763,431,2023-11-01 15:22:54+00:00,303,0,0
389,pydicom/pynetdicom,20,2892,496,2024-08-11 01:36:44+00:00,19,0,0
390,pylast/pylast,34,4235,664,2024-07-02 11:34:35+00:00,59,0,0
391,pymc-devs/aesara,51,665,324,2024-08-29 06:56:22+00:00,1,0,0
392,pymedusa/SickRage,124,3110,1762,2024-04-03 15:26:44+00:00,149,0,0
393,python-pillow/Pillow,56,4418,12048,2024-08-29 11:44:26+00:00,1,0,0
394,pywbem/pywbem,58,3249,41,2024-08-19 17:01:41+00:00,11,0,0
395,pyxem/pyxem,32,3150,147,2024-08-07 20:10:22+00:00,22,0,0
396,quark-engine/quark-engine,61,1773,1273,2024-08-23 03:48:51+00:00,7,0,0
397,qutip/qutip,28,4342,1669,2024-08-27 12:59:22+00:00,3,0,0
398,radomirbosak/duden,17,3234,98,2024-02-26 23:47:53+00:00,185,0,0
399,reportportal/agent-Python-RobotFramework,23,2906,59,2024-03-20 13:51:00+00:00,163,0,0
400,robotframework/SeleniumLibrary,57,4695,1375,2024-06-15 20:16:00+00:00,75,0,0
401,roskakori/pygount,7,4156,154,2024-07-13 17:20:38+00:00,48,0,0
402,s3ql/s3ql,31,3335,1065,2024-08-04 12:39:30+00:00,26,0,0
403,salu133445/pypianoroll,15,2420,132,2023-06-26 08:16:47+00:00,431,0,0
404,scikit-hep/boost-histogram,30,2175,143,2024-08-23 21:09:14+00:00,6,0,0
405,scikit-image/scikit-image,32,4801,6009,2024-08-29 11:46:16+00:00,1,0,0
406,scrapinghub/shub,37,3727,125,2024-02-12 07:38:00+00:00,200,0,0
407,se2p/pynguin,55,1494,1229,2024-06-21 09:28:07+00:00,70,0,0
408,sentinel-hub/sentinel2-cloud-detector,12,2411,420,2024-01-10 08:54:38+00:00,233,0,0
409,sjkingo/python-freshdesk,19,3529,83,2022-09-16 01:29:20+00:00,714,0,0
413,sobolevn/django-split-settings,9,4122,1099,2024-08-26 08:22:59+00:00,4,0,0
414,sopel-irc/sopel,72,4634,948,2024-06-02 06:23:48+00:00,89,0,0
415,soxofaan/duviz,5,4596,113,2024-05-05 13:52:31+00:00,117,0,0
417,sunpy/sunpy,139,4772,903,2024-08-28 15:59:11+00:00,2,0,0
418,supermihi/pytaglib,12,4751,179,2024-05-01 13:06:34+00:00,121,0,0
419,theislab/sfaira,16,1452,134,2023-10-19 10:11:21+00:00,316,0,0
420,tomerfiliba/plumbum,10,4507,2798,2024-05-20 17:07:37+00:00,102,0,0
421,uber/h3-py,23,2269,805,2024-08-27 15:05:20+00:00,3,0,0
422,uber/petastorm,48,2266,1778,2023-12-02 05:11:31+00:00,272,0,0
424,vatlab/SOS,51,3120,271,2024-04-11 00:10:46+00:00,141,0,0
425,wavespectra/wavespectra,14,1825,66,2024-07-09 06:21:56+00:00,52,0,0
426,weecology/retriever,12,4811,307,2023-04-16 19:41:10+00:00,501,0,0
427,wikimedia/cumin,16,2794,24,2024-05-08 10:11:46+00:00,114,0,0
429,williballenthin/python-registry,5,4856,425,2023-10-18 18:03:04+00:00,317,0,0
430,wookayin/gpustat,11,3049,3994,2024-01-12 14:48:30+00:00,231,0,0
432,ymyzk/python-gyazo,28,3689,19,2022-11-21 14:53:07+00:00,648,0,0
434,CenterForOpenScience/osf.io,21,4118,665,2024-08-27 14:53:16+00:00,3,0,0
435,DIRACGrid/DIRAC,211,4894,111,2024-08-29 10:34:59+00:00,1,0,0
436,DataDog/datadogpy,62,3501,608,2024-08-23 13:57:11+00:00,7,0,0
437,DataDog/dd-agent,103,4990,1298,2024-06-20 15:46:58+00:00,71,0,0
439,MrSprigster/Twitch-on-Kodi,56,4463,268,2023-09-09 12:11:44+00:00,356,0,0
440,OnToology/OnToology,7,3459,78,2024-03-26 19:16:16+00:00,156,0,0
445,certbot/certbot,52,3578,31250,2024-08-28 14:22:22+00:00,2,0,0
446,ckan/datapusher,7,4308,76,2024-03-13 10:34:44+00:00,170,0,0
448,getsentry/sentry,135,5112,38415,2024-08-29 20:15:42+00:00,0,0,0
449,h3llrais3r/Auto-Subliminal,23,3906,42,2023-10-11 15:58:17+00:00,324,0,0
450,hfaran/piazza-api,19,3913,185,2024-06-06 07:08:00+00:00,85,0,0
451,hypothesis/h,85,4532,2921,2024-08-29 13:40:35+00:00,1,0,0
452,ikreymer/pywb,41,3916,1356,2024-04-26 08:32:43+00:00,126,0,0
453,internetarchive/openlibrary,107,5782,5062,2024-08-29 17:47:57+00:00,1,0,0
454,john-kurkowski/tldextract,7,4933,1826,2024-08-27 21:56:07+00:00,2,0,0
455,log2timeline/plaso,48,3642,1686,2024-08-26 16:33:39+00:00,4,0,0
458,mozilla/mozregression,108,5313,172,2024-08-27 18:58:28+00:00,3,0,0
462,proycon/clam,88,5168,129,2024-03-14 20:42:31+00:00,168,0,0
463,pysat/pysat,38,3434,150,2024-03-27 21:52:08+00:00,155,0,0
464,scrapinghub/python-scrapinghub,9,4762,202,2024-01-18 07:46:24+00:00,225,0,0
465,sethblack/python-seo-analyzer,11,4261,1146,2024-05-09 20:48:57+00:00,112,0,0
468,splunk/splunk-ansible,63,2177,354,2024-07-25 21:26:12+00:00,35,0,0
469,vmware/pyvmomi,28,3912,2202,2024-07-31 07:56:55+00:00,30,0,0
470,ENCODE-DCC/encoded,84,4283,110,2024-06-26 16:56:59+00:00,65,0,0
471,FCP-INDI/C-PAC,38,4452,62,2024-05-03 21:22:36+00:00,118,0,0
472,GeoNode/geonode,42,5201,1426,2024-08-28 12:59:04+00:00,2,0,0
473,GoogleCloudPlatform/PerfKitBenchmarker,17,3696,1892,2024-08-29 16:39:08+00:00,1,0,0
475,Nextdoor/kingpin,24,3669,27,2024-08-16 17:16:56+00:00,14,0,0
477,RaRe-Technologies/smart_open,51,3527,3162,2024-08-15 14:21:40+00:00,15,0,0
478,ansible-collections/amazon.aws,62,1660,281,2024-08-29 20:04:58+00:00,0,0,0
479,artsy/hokusai,37,2830,92,2024-08-23 17:35:37+00:00,7,0,0
480,aws/aws-parallelcluster,89,3761,825,2024-08-28 19:02:10+00:00,1,0,0
481,biothings/biothings.api,9,3151,45,2024-07-23 21:14:39+00:00,37,0,0
482,buildbot/buildbot,74,5168,5230,2024-08-29 12:44:30+00:00,1,0,0
483,celery/kombu,32,5181,2851,2024-08-25 07:12:28+00:00,5,0,0
484,cloudtools/stacker,38,3522,711,2023-08-15 16:22:56+00:00,381,0,0
485,conda/conda,167,4335,6322,2024-08-29 13:04:47+00:00,1,0,0
486,django-ses/django-ses,50,4965,994,2024-08-22 18:25:37+00:00,8,0,0
487,edx/edx-ora2,309,3901,61,2024-08-23 06:11:07+00:00,7,0,0
488,etianen/django-s3-storage,9,3514,411,2023-11-04 15:49:25+00:00,300,0,0
490,mapproxy/mapproxy,5,4511,546,2024-08-27 13:10:10+00:00,3,0,0
491,mapzen/tilequeue,38,3618,46,2023-03-03 23:17:56+00:00,545,0,0
492,mgrp/django-distill,16,3417,419,2024-08-23 06:39:29+00:00,7,0,0
494,mozilla-services/socorro,192,4754,585,2024-08-27 08:22:38+00:00,3,0,0
495,nchammas/flintrock,14,3374,636,2024-02-24 19:13:47+00:00,187,0,0
497,novemberfiveco/s3pypi,32,3074,320,2024-01-14 20:11:21+00:00,228,0,0
499,openstax/openstax-cms,227,3228,97,2024-08-21 17:52:41+00:00,9,0,0
500,sbrunner/tilecloud-chain,75,4360,47,2024-08-09 06:40:53+00:00,21,0,0
501,scrapinghub/spidermon,10,3208,526,2024-07-15 14:08:48+00:00,46,0,0
502,spotify/luigi,59,4361,17658,2024-08-26 11:47:50+00:00,4,0,0
503,spulec/moto,30,4209,7571,2024-08-29 08:17:10+00:00,1,0,0
504,tendenci/tendenci,116,5228,487,2024-08-27 15:26:40+00:00,3,0,0
508,zalando-stups/senza,127,3440,96,2023-03-27 13:48:59+00:00,522,0,0
509,zulip/zulip,104,3261,21079,2024-08-29 20:29:33+00:00,0,0,0
511,cloudera/ibis,22,3421,4908,2024-08-29 14:47:51+00:00,1,0,0
512,psf/black,44,2360,38277,2024-08-26 17:07:54+00:00,4,0,0
513,robshakir/pyangbind,10,3415,201,2024-08-05 06:59:51+00:00,25,0,0
514,scrapinghub/dateparser,29,3566,2519,2024-08-26 09:32:24+00:00,4,0,0
515,securisec/chepy,52,1768,897,2024-07-09 02:51:54+00:00,52,0,0
516,vertexproject/synapse,315,3367,348,2024-08-29 18:18:06+00:00,1,0,0
517,xxyzz/WordDumb,115,1407,367,2024-08-29 12:28:35+00:00,1,0,0
518,ARTFL-Project/PhiloLogic4,62,4209,34,2024-07-09 19:54:45+00:00,51,0,0
519,kovidgoyal/calibre,303,4111,19199,2024-08-29 15:56:40+00:00,1,0,0
520,SeldonIO/alibi,33,2011,2364,2024-05-21 08:57:13+00:00,101,0,0
521,SimonBlanke/hyperactive,31,2128,501,2024-08-26 14:53:29+00:00,4,0,0
522,Tobias-Fischer/rt_gene,10,2157,365,2023-12-04 15:48:41+00:00,270,0,0
523,beringresearch/ivis,36,2208,327,2024-06-13 05:28:48+00:00,78,0,0
524,christianversloot/extra_keras_datasets,31,1694,31,2024-06-25 12:16:16+00:00,66,0,0
526,google/qkeras,6,1849,532,2024-07-29 17:29:19+00:00,32,0,0
527,keras-team/keras-tuner,32,1910,2846,2024-06-24 17:09:39+00:00,67,0,0
528,maxpumperla/elephas,10,3304,1573,2022-08-31 01:52:51+00:00,730,0,0
529,PMEAL/OpenPNM,39,4052,442,2024-08-07 15:24:03+00:00,23,0,0
530,ejeschke/ginga,25,4450,120,2024-08-22 21:20:15+00:00,7,0,0
531,igmhub/picca,21,2822,29,2024-07-15 16:09:17+00:00,46,0,0
532,jobovy/galpy,20,4734,223,2024-08-28 04:26:58+00:00,2,0,0
533,matplotlib/matplotlib,87,4940,19892,2024-08-23 18:31:22+00:00,7,0,0
535,numbbo/coco,41,3309,259,2024-07-25 10:48:44+00:00,36,0,0
536,ratschlab/spladder,24,3691,103,2024-04-23 14:12:50+00:00,129,0,0
537,scikit-learn/scikit-learn,42,5126,59279,2024-08-29 12:15:43+00:00,1,0,0
538,scipy/scipy,93,4922,12868,2024-08-29 11:30:30+00:00,1,0,0
540,FORTH-ICS-INSPIRE/artemis,12,2103,302,2023-05-05 09:01:48+00:00,483,0,0
542,checktheroads/hyperglass,27,1940,618,2024-07-01 04:08:01+00:00,60,0,0
543,linzhiming0826/sanic-restful,7,1816,21,2023-08-14 02:49:39+00:00,382,0,0
546,zulip/zulip-terminal,7,2378,613,2024-08-19 23:59:59+00:00,10,0,0
548,CellProfiler/CellProfiler-Analyst,6,4676,144,2024-03-12 12:07:40+00:00,171,0,0
550,Flexget/Flexget,282,4909,1722,2024-08-16 15:14:52+00:00,14,0,0
552,akvo/akvo-rsr,117,5386,39,2024-08-26 06:33:29+00:00,4,0,0
553,camptocamp/c2cgeoportal,66,4649,64,2024-08-29 09:32:40+00:00,1,0,0
554,debomatic/debomatic,21,3695,24,2024-07-16 20:09:23+00:00,44,0,0
555,gwastro/pycbc,157,3467,312,2024-08-23 15:21:58+00:00,7,0,0
558,sabnzbd/sabnzbd,223,4767,2233,2024-08-26 02:47:15+00:00,4,0,0
559,stamparm/maltrail,61,3555,6302,2024-08-29 18:32:11+00:00,1,0,0
560,yomguy/DeeFuzzer,9,4693,143,2024-08-14 16:37:57+00:00,16,0,0
561,AllenInstitute/ipfx,6,2454,24,2023-12-13 17:21:45+00:00,261,0,0
562,ManageIQ/wrapanapi,69,3285,17,2024-08-27 06:28:14+00:00,3,0,0
563,Yelp/Tron,17,5102,340,2024-08-28 16:19:55+00:00,2,0,0
564,aiidateam/aiida-core,35,2806,426,2024-08-20 15:19:19+00:00,10,0,0
565,beetbox/beets,34,5133,12684,2024-08-27 12:34:49+00:00,3,0,0
566,datadotworld/data.world-py,24,2778,101,2024-04-19 12:45:49+00:00,133,0,0
567,datalad/datalad,109,3954,520,2024-08-27 15:59:11+00:00,3,0,0
569,frappe/erpnext,1402,4831,18773,2024-08-29 10:41:09+00:00,1,0,0
570,frappe/frappe,1280,4831,6879,2024-08-29 11:58:21+00:00,1,0,0
571,jaraco/wolframalpha,11,3200,148,2024-08-25 10:42:01+00:00,5,0,0
572,lxc/pylxd,12,3383,253,2024-07-17 22:12:23+00:00,43,0,0
574,openatv/enigma2,10,4445,199,2024-08-27 13:46:20+00:00,3,0,0
575,pndurette/gTTS,22,3759,2245,2024-08-13 16:25:32+00:00,17,0,0
576,rackspace/pyrax,22,4354,237,2022-09-21 15:14:38+00:00,709,0,0
578,scrapy/w3lib,11,4883,388,2024-06-12 06:37:19+00:00,79,0,0
579,wkentaro/gdown,20,3239,4140,2024-05-12 06:37:14+00:00,110,0,0
580,yougov/pmxbot,17,3193,26,2024-08-25 10:43:15+00:00,5,0,0
582,CloudVE/cloudbridge,15,3272,113,2024-04-13 18:03:03+00:00,139,0,0
583,CoreSecurity/pysap,17,3809,215,2023-10-24 00:52:28+00:00,311,0,0
584,LibertyAces/BitSwanPump,6,2080,24,2024-07-25 10:01:44+00:00,36,0,0
585,SFDO-Tooling/CumulusCI,233,3891,356,2024-08-23 03:02:07+00:00,7,0,0
586,Tribler/tribler,141,4203,4763,2024-08-29 13:02:51+00:00,1,0,0
587,ansible/awx,64,2661,13825,2024-08-29 13:24:35+00:00,1,0,0
589,barneygale/quarry,11,3711,532,2023-06-13 22:28:06+00:00,443,0,0
590,cowrie/cowrie,19,3397,5086,2024-08-27 01:46:26+00:00,3,0,0
591,home-assistant/hassio,435,2725,1712,2024-08-28 07:32:19+00:00,2,0,0
592,jpadilla/pyjwt,37,4934,5061,2024-08-26 22:43:36+00:00,3,0,0
593,log2timeline/dfvfs,18,3642,201,2024-05-08 04:06:17+00:00,114,0,0
595,ojarva/python-sshpubkeys,7,3542,100,2023-11-14 18:55:45+00:00,290,0,0
596,paterva/maltego-trx,10,2277,215,2023-12-21 08:32:01+00:00,253,0,0
598,privacyidea/privacyidea,43,3740,1469,2024-08-29 07:59:58+00:00,1,0,0
599,reviewboard/reviewboard,9,5485,1555,2024-08-23 23:31:42+00:00,6,0,0
600,secdev/scapy,13,3255,10500,2024-08-22 13:00:26+00:00,8,0,0
601,thinkst/opencanary,6,3312,2269,2024-06-03 14:05:57+00:00,88,0,0
602,twisted/twisted,32,4807,5540,2024-08-28 20:40:17+00:00,1,0,0
603,Abjad/abjad,29,3957,237,2024-06-14 19:11:14+00:00,76,0,0
604,PyMySQL/mysqlclient,13,3776,2441,2024-08-21 10:10:56+00:00,9,0,0
605,Thermondo/pytest-translations,5,3529,17,2023-09-11 06:17:49+00:00,354,0,0
606,aibasel/pyperplan,6,1659,90,2022-11-17 16:15:11+00:00,652,0,0
607,diofant/diofant,8,3476,69,2024-08-29 15:14:46+00:00,1,0,0
608,edgedb/edgedb,26,2617,12894,2024-08-29 15:36:00+00:00,1,0,0
609,pytest-dev/pytest,72,3362,11824,2024-08-29 11:54:47+00:00,1,0,0
611,translate/translate,74,4545,838,2024-08-28 06:10:13+00:00,2,0,0
612,IdentityPython/pysaml2,51,4480,556,2024-04-24 15:14:06+00:00,128,0,0
615,copier-org/copier,42,4685,1894,2024-08-29 17:49:02+00:00,1,0,0
617,inducer/pycuda,8,4894,1813,2024-07-30 13:52:24+00:00,31,0,0
618,ionrock/cachecontrol,6,4090,467,2024-07-15 17:04:19+00:00,46,0,0
619,jasonlaska/skggm,6,3001,238,2023-06-15 16:53:55+00:00,442,0,0
620,Chavithra/degiro-connector,11,1486,210,2024-07-25 20:06:48+00:00,35,0,0
621,Rhinik/vkquick,26,1573,70,2022-12-11 09:14:27+00:00,628,0,0
622,eversum/galacteek,58,2112,169,2023-06-05 11:44:44+00:00,452,0,0
623,hsahovic/poke-env,50,1850,290,2024-08-23 23:12:29+00:00,6,0,0
624,sumeshi/evtx2es,6,1790,80,2024-06-28 18:11:37+00:00,63,0,0
625,terraform-compliance/cli,179,2706,1343,2024-04-05 09:19:16+00:00,147,0,0
626,panoptes/POCS,9,3983,77,2024-07-08 17:56:22+00:00,53,0,0
627,BjornFJohansson/pydna,16,3494,162,2024-04-22 16:51:50+00:00,130,0,0
628,ClusterLabs/crmsh,18,3816,130,2024-08-29 08:40:25+00:00,1,0,0
630,Galvant/InstrumentKit,15,4138,244,2024-08-06 03:03:33+00:00,24,0,0
631,HERA-Team/pyuvdata,39,3236,82,2024-08-27 15:36:34+00:00,3,0,0
632,MasterOdin/pylint_runner,9,3451,19,2024-06-22 03:26:36+00:00,69,0,0
633,ReproNim/niceman,8,3045,24,2023-06-16 15:45:36+00:00,441,0,0
634,SALib/SALib,33,4109,864,2024-07-14 11:03:35+00:00,47,0,0
635,StingraySoftware/stingray,11,3256,170,2024-07-05 13:20:55+00:00,56,0,0
636,Thor77/TeamspeakStats,14,3335,18,2023-01-14 18:03:31+00:00,594,0,0
637,ajdawson/eofs,6,4185,198,2024-01-10 09:51:57+00:00,233,0,0
638,ajdawson/windspharm,6,4454,82,2023-01-10 12:27:55+00:00,598,0,0
639,alkaline-ml/pmdarima,44,2709,1569,2024-02-23 02:45:37+00:00,189,0,0
640,amzn/ion-python,17,3065,259,2024-08-01 19:31:59+00:00,28,0,0
641,apple/coremltools,39,2617,4301,2024-08-28 22:38:24+00:00,1,0,0
642,bashtage/arch,47,3653,1311,2024-07-27 04:51:19+00:00,34,0,0
643,bbangert/beaker,9,4701,516,2024-04-11 20:27:23+00:00,140,0,0
644,biocore/scikit-bio,24,3912,877,2024-08-28 16:09:34+00:00,2,0,0
646,bodono/scs-python,5,2501,40,2024-08-24 15:22:16+00:00,6,0,0
647,cdent/paste,6,2137,59,2024-05-01 11:39:58+00:00,121,0,0
649,cihologramas/pyoptools,7,3432,136,2024-06-22 16:10:26+00:00,69,0,0
651,diyan/pywinrm,10,4437,1054,2024-08-09 02:07:49+00:00,21,0,0
652,django-oscar/django-oscar,8,5012,6214,2024-08-14 09:38:34+00:00,16,0,0
654,frictionlessdata/datapackage-py,76,3237,191,2024-03-12 16:09:58+00:00,171,0,0
655,gcovr/gcovr,12,4124,853,2024-08-26 21:58:18+00:00,3,0,0
656,geopandas/geopandas,36,4081,4421,2024-08-25 10:10:15+00:00,5,0,0
657,histrio/py-couchdb,5,4243,114,2024-05-29 09:54:34+00:00,93,0,0
660,juhasch/PhysicalQuantities,15,3786,21,2023-08-20 14:32:02+00:00,376,0,0
661,jupyter-server/jupyter_server,123,2899,479,2024-08-01 14:54:29+00:00,29,0,0
662,jupyter/nbconvert,52,3430,1708,2024-08-28 12:53:06+00:00,2,0,0
663,kotfu/tomcat-manager,14,4256,115,2023-12-03 04:32:23+00:00,271,0,0
664,landlab/landlab,9,3765,349,2024-08-28 19:53:47+00:00,1,0,0
665,linkcheck/linkchecker,9,2767,867,2024-08-28 18:31:30+00:00,2,0,0
666,lmfit/lmfit-py,37,4777,1051,2024-08-17 19:02:01+00:00,13,0,0
667,luispedro/mahotas,6,5324,837,2024-07-17 19:01:14+00:00,44,0,0
668,markokr/rarfile,5,4692,244,2024-04-07 20:07:33+00:00,144,0,0
669,mwaskom/seaborn,37,4455,12355,2024-07-22 11:32:48+00:00,39,0,0
670,nccgroup/ScoutSuite,35,2130,6567,2024-05-10 09:24:57+00:00,112,0,0
671,networkx/networkx,56,5106,14655,2024-08-28 06:00:56+00:00,2,0,0
672,nilearn/nilearn,11,4981,1157,2024-08-27 18:40:46+00:00,3,0,0
673,oemof/oemof-solph,37,3201,293,2024-08-29 12:18:15+00:00,1,0,0
675,plotly/plotly.py,85,3934,15940,2024-08-29 18:22:16+00:00,1,0,0
676,pvlib/pvlib-python,43,3481,1155,2024-08-29 12:12:55+00:00,1,0,0
677,pydata/pandas-gbq,40,2759,437,2024-08-16 18:10:51+00:00,14,0,0
678,pymssql/pymssql,17,4007,832,2024-08-25 16:05:31+00:00,5,0,0
679,python-visualization/folium,28,4130,6832,2024-06-29 16:33:06+00:00,62,0,0
680,qtile/qtile,21,5843,4754,2024-08-29 19:46:25+00:00,0,0,0
681,rasbt/mlxtend,29,3668,4855,2024-07-02 00:51:45+00:00,59,0,0
682,sckott/pygbif,11,3529,106,2024-05-02 11:58:19+00:00,120,0,0
683,statsmodels/statsmodels,27,4827,9946,2024-08-27 15:06:42+00:00,3,0,0
684,tqdm/tqdm,128,3375,28247,2024-08-03 22:25:22+00:00,26,0,0
685,uber/vertica-python,69,4040,378,2024-08-13 05:34:11+00:00,17,0,0
686,witten/atticmatic,123,3571,1714,2024-08-20 22:03:49+00:00,9,0,0
691,jrnl-org/jrnl,47,4536,6424,2024-06-14 02:36:04+00:00,77,0,0
694,mirnylab/cooler,44,3151,200,2024-06-17 20:13:08+00:00,73,0,0
696,pyecharts/pyecharts,5,2625,14733,2024-06-20 12:51:40+00:00,71,0,0
698,CAMBI-tech/BciPy,9,2284,124,2023-05-02 19:57:49+00:00,485,0,0
699,JonathanVusich/pcpartpicker,15,2127,84,2024-08-29 14:41:41+00:00,1,0,0
700,Netflix/consoleme,27,1751,3102,2024-05-16 17:20:04+00:00,106,0,0
702,jgrss/geowombat,57,2001,183,2024-05-01 08:11:21+00:00,121,0,0
703,josiah-wolf-oberholtzer/supriya,38,3829,246,2024-08-29 03:32:46+00:00,1,0,0
704,libAtoms/matscipy,22,3691,171,2024-07-24 18:27:55+00:00,37,0,0
705,open-mmlab/mmcv,62,2199,5800,2024-08-17 03:57:27+00:00,13,0,0
706,plangrid/flask-rebar,9,2376,231,2024-08-08 19:53:55+00:00,21,0,0
707,ploigos/ploigos-step-runner,16,1570,20,2023-03-31 21:33:47+00:00,517,0,0
708,sodafoundation/delfin,33,1603,202,2024-02-14 17:25:28+00:00,198,0,0
709,vsergeev/u-msgpack-python,13,3987,253,2023-05-18 09:23:20+00:00,470,0,0
710,zach401/acnportal,7,2289,74,2023-11-21 22:32:17+00:00,282,0,0
711,AlexandreDecan/sismic,20,3195,140,2024-05-10 13:20:20+00:00,112,0,0
712,Anaconda-Platform/anaconda-client,52,4172,145,2024-08-28 21:03:31+00:00,1,0,0
714,EducationalTestingService/skll,71,4045,550,2024-07-30 17:53:48+00:00,31,0,0
716,FederatedAI/FATE,51,2044,5633,2024-08-21 07:30:27+00:00,9,0,0
717,Felienne/hedy,12,1725,1292,2024-08-29 06:45:03+00:00,1,0,0
720,NVIDIA/NeMo,49,1850,11381,2024-08-29 20:13:39+00:00,0,0,0
721,Parsely/streamparse,46,3771,1493,2024-08-09 15:10:10+00:00,21,0,0
723,Quansight/qhub,108,1608,274,2024-08-29 15:38:35+00:00,1,0,0
724,RasaHQ/rasa,253,2876,18556,2024-03-21 15:05:22+00:00,162,0,0
726,afourmy/e-napalm,60,2517,809,2024-03-12 09:28:43+00:00,171,0,0
727,andreoliwa/nitpick,53,2351,393,2024-08-27 08:20:42+00:00,3,0,0
728,center-for-threat-informed-defense/adversary_emulation_library,5,1583,1644,2023-10-25 18:11:41+00:00,310,0,0
731,conda-incubator/grayskull,71,1696,311,2024-08-21 07:29:39+00:00,9,0,0
732,cookiecutter/cookiecutter,29,4064,22234,2024-07-09 09:21:15+00:00,52,0,0
733,demisto/demisto-sdk,210,1761,70,2024-08-28 10:08:54+00:00,2,0,0
736,gschivley/PowerGenome,18,1869,197,2024-07-22 19:45:14+00:00,38,0,0
737,home-assistant-ecosystem/home-assistant-cli,19,2955,431,2024-05-12 21:51:01+00:00,109,0,0
738,homebysix/pre-commit-macadmin,39,2009,63,2024-06-10 16:16:58+00:00,81,0,0
739,jwplayer/buildpipe-buildkite-plugin,12,2399,91,2023-07-17 15:51:39+00:00,410,0,0
741,materialsproject/custodian,30,4224,135,2024-07-11 02:17:49+00:00,50,0,0
742,materialsproject/pymatgen,287,4694,1467,2024-08-29 20:10:26+00:00,0,0,0
744,pre-commit/pre-commit-hooks,34,3822,5170,2024-08-26 23:30:06+00:00,3,0,0
745,rabobank-cdc/DeTTACT,24,1980,2032,2024-04-16 12:03:57+00:00,136,0,0
748,tjhowse/modbus4mqtt,14,1521,75,2024-03-29 04:52:13+00:00,154,0,0
749,xoxys/ansible-doctor,78,1787,122,2024-08-26 00:41:13+00:00,4,0,0
750,Akuli/porcupine,39,2756,154,2024-06-23 18:08:15+00:00,68,0,0
751,BlueBrain/NeuroM,64,3408,101,2024-06-11 07:52:52+00:00,80,0,0
752,C0D3D3V/Moodle-Downloader-2,68,1715,411,2024-07-04 12:40:22+00:00,57,0,0
753,CLIMADA-project/climada_python,36,2463,296,2024-07-19 07:57:49+00:00,42,0,0
754,ComplianceAsCode/auditree-framework,50,1583,59,2024-08-20 12:48:36+00:00,10,0,0
755,Donders-Institute/bidscoin,40,2324,129,2024-08-28 13:43:22+00:00,2,0,0
756,H-uru/korman,21,4448,35,2024-08-25 22:55:20+00:00,4,0,0
757,HyperLink-Technology/brownie,129,2127,2636,2024-07-12 01:32:56+00:00,49,0,0
758,JohnDoenut/biopeaks,12,2010,62,2024-08-12 13:51:49+00:00,18,0,0
761,Kozea/tinycss2,15,4139,159,2024-06-18 21:23:02+00:00,72,0,0
763,LCA-ActivityBrowser/activity-browser,37,2689,140,2024-08-29 10:48:08+00:00,1,0,0
764,MouseLand/suite2p,14,2236,343,2024-04-19 18:28:59+00:00,133,0,0
765,PyCQA/pylint,93,3186,5234,2024-08-27 20:23:27+00:00,2,0,0
767,StochSS/GillesPy2,39,2536,71,2023-04-27 21:51:04+00:00,490,0,0
768,The-Compiler/qutebrowser,90,3717,9566,2024-08-23 19:44:20+00:00,6,0,0
769,aaugustin/websockets,40,4170,5118,2024-08-28 21:12:37+00:00,1,0,0
770,alphatwirl/atpbar,29,2020,93,2024-07-07 21:53:03+00:00,53,0,0
771,ashnair1/COCO-Assistant,7,1918,91,2024-07-06 14:43:32+00:00,55,0,0
772,bonjorno7/SourceOps,29,2064,141,2024-08-09 16:36:53+00:00,21,0,0
773,bpython/bpython,18,3708,2609,2024-07-13 19:27:49+00:00,47,0,0
774,brainix/pottery,51,3368,1058,2024-08-25 09:06:55+00:00,5,0,0
775,earthobservations/wetterdienst,129,2091,349,2024-08-28 20:55:32+00:00,1,0,0
776,encode/uvicorn,54,2647,8286,2024-08-20 06:29:28+00:00,10,0,0
777,equinor/ecl2df,40,1935,28,2024-08-26 12:50:25+00:00,4,0,0
778,ethereum/viper,48,2848,4833,2024-08-28 04:38:14+00:00,2,0,0
779,freqtrade/freqtrade,87,2660,27908,2024-08-29 18:38:57+00:00,1,0,0
780,gbouvignies/chemex,21,3958,27,2024-08-28 13:53:07+00:00,2,0,0
781,gretelai/gretel-synthetics,61,1641,573,2024-08-21 22:11:33+00:00,8,0,0
782,ipython/ipython,29,5225,16230,2024-08-29 08:27:35+00:00,1,0,0
784,jina-ai/jina,294,1659,20833,2024-07-23 23:04:18+00:00,37,0,0
785,miurahr/py7zr,123,1992,448,2024-08-11 17:06:44+00:00,19,0,0
786,mopidy/mopidy-local,8,1852,61,2024-08-27 23:17:27+00:00,2,0,0
788,nschloe/meshio,81,3215,1897,2024-01-31 15:08:50+00:00,212,0,0
789,packit-service/packit,133,2123,135,2024-08-29 14:47:36+00:00,1,0,0
790,pomo-mondreganto/ForcAD,16,1980,146,2023-12-06 13:33:54+00:00,268,0,0
791,project-alice-assistant/ProjectAlice,10,1893,693,2023-04-09 04:30:44+00:00,509,0,0
792,pyre/pyre,21,3020,26,2024-07-09 13:02:21+00:00,52,0,0
793,rlaPHOENiX/pvsfunc,20,1701,24,2023-03-30 14:22:02+00:00,519,0,0
794,scidash/sciunit,9,4650,48,2023-12-26 21:51:13+00:00,247,0,0
795,scikit-hep/pyhf,39,2409,279,2024-08-26 23:21:31+00:00,3,0,0
796,shyamd/mkdocs-bibtex,53,1919,72,2024-08-23 21:40:24+00:00,6,0,0
798,spraakbanken/sparv-pipeline,8,2533,25,2023-12-07 14:58:19+00:00,267,0,0
799,tophat/syrupy,107,1775,508,2024-08-23 05:27:33+00:00,7,0,0
802,zeromq/pyzmq,18,5153,3645,2024-08-22 08:46:30+00:00,8,0,0
804,gem/oq-engine,68,5176,377,2024-08-29 13:10:28+00:00,1,0,0
805,joerick/pyinstrument,7,3822,6409,2024-08-26 13:50:17+00:00,4,0,0
806,AlexAplin/nndownload,21,2808,220,2024-08-11 07:22:22+00:00,19,0,0
807,PythonistaGuild/Wavelink,73,2064,390,2024-07-13 01:51:11+00:00,48,0,0
808,Terbau/fortnitepy,19,1872,147,2022-12-18 00:25:45+00:00,621,0,0
810,miguelgrinberg/python-engineio,131,3356,231,2024-08-10 10:31:43+00:00,20,0,0
811,timkpaine/tributary,14,2182,437,2024-02-10 17:20:45+00:00,202,0,0
812,DRMacIver/hypothesis,671,4190,7482,2024-08-24 23:20:08+00:00,5,0,0
813,OpenPrinting/system-config-printer,10,3401,160,2024-08-15 04:51:44+00:00,15,0,0
814,PyThaiNLP/pythainlp,117,2989,957,2024-08-16 16:05:49+00:00,14,0,0
815,RabadanLab/arcasHLA,8,2131,113,2024-02-11 03:11:38+00:00,201,0,0
816,aiven/karapace,59,2060,447,2024-08-26 16:49:38+00:00,4,0,0
817,choderalab/perses,22,3566,179,2023-12-19 21:52:24+00:00,254,0,0
818,douglasrizzo/catsim,9,3391,123,2024-03-24 16:52:31+00:00,159,0,0
819,eLvErDe/nicotine-plus,51,4034,1658,2024-08-27 03:03:45+00:00,3,0,0
820,fossasia/pslab,14,3002,1624,2024-08-22 13:14:51+00:00,8,0,0
821,frescobaldi/frescobaldi,20,4962,735,2024-05-19 10:14:48+00:00,103,0,0
823,h5py/h5py,36,4360,2065,2024-08-29 15:42:30+00:00,1,0,0
824,jamesoff/simplemonitor,11,4048,404,2024-08-19 12:57:01+00:00,11,0,0
825,korcankaraokcu/PINCE,5,3114,2032,2024-08-22 11:51:53+00:00,8,0,0
826,maximumstock/poe-currency-flip-planner,18,2416,96,2024-04-05 21:50:53+00:00,146,0,0
827,nedbat/coveragepy,138,2259,2952,2024-08-27 13:03:56+00:00,3,0,0
828,sephii/taxi,7,4398,41,2023-12-01 07:05:59+00:00,273,0,0
829,sharkwouter/minigalaxy,16,2069,1100,2024-08-29 09:11:32+00:00,1,0,0
830,yaph/geonamescache,7,4488,98,2024-07-25 23:04:52+00:00,35,0,0
831,C4ptainCrunch/ics.py,9,3961,632,2023-11-26 20:11:40+00:00,277,0,0
833,benbusby/whoogle-search,29,1681,9280,2024-04-19 20:00:12+00:00,132,0,0
834,osuosl/ganeti_webmgr,7,4380,64,2022-12-27 18:22:40+00:00,612,0,0
835,python-bugzilla/python-bugzilla,6,3387,121,2024-02-25 20:44:41+00:00,186,0,0
836,sentinelsat/sentinelsat,13,3386,972,2024-02-29 13:41:11+00:00,183,0,0
837,tasmota/decode-config,36,1744,210,2024-08-26 17:05:14+00:00,4,0,0
838,upstox/upstox-python,11,2631,125,2024-08-01 10:25:25+00:00,29,0,0
839,ApacheInfra/superset,205,3327,61444,2024-08-29 20:06:30+00:00,0,0,0
840,lucyparsons/OpenOversight,29,3066,235,2024-08-07 17:13:58+00:00,23,0,0
843,RDFLib/rdflib,13,4591,2135,2024-08-27 03:00:45+00:00,3,0,0
844,add-ons/plugin.video.vrt.nu,69,2748,110,2024-05-27 14:56:33+00:00,95,0,0
846,balloob/pychromecast,98,3984,2517,2024-08-27 16:00:12+00:00,3,0,0
847,emilsvennesson/script.module.inputstreamhelper,33,2542,133,2024-05-14 18:11:10+00:00,108,0,0
848,hhursev/recipe-scraper,147,3272,1667,2024-08-26 22:30:32+00:00,3,0,0
849,jrkerns/pylinac,18,3608,149,2024-08-27 21:32:56+00:00,2,0,0
850,lalitpagaria/obsei,14,1403,1193,2024-05-28 17:53:43+00:00,94,0,0
851,mozilla/code-coverage,50,1879,27,2024-08-07 08:55:57+00:00,23,0,0
852,mpvqc/mpvQC,8,3130,49,2024-08-15 21:09:50+00:00,14,0,0
853,obspy/obspy,24,4373,1140,2024-08-21 08:05:25+00:00,9,0,0
854,piqueserver/piqueserver,11,2801,209,2024-08-10 17:23:03+00:00,20,0,0
855,sendgrid/sendgrid-python,107,4569,1529,2023-12-26 08:24:42+00:00,248,0,0
856,soimort/you-get,122,4392,49859,2024-08-19 19:53:12+00:00,10,0,0
857,sony/nnabla-examples,48,2488,304,2024-06-24 02:34:34+00:00,67,0,0
858,twu/skjold,18,1677,64,2024-06-17 07:37:30+00:00,74,0,0
859,achillean/shodan-python,27,5105,2460,2023-12-17 01:29:15+00:00,257,0,0
860,bugsnag/bugsnag-python,36,4416,84,2024-06-19 07:42:23+00:00,72,0,0
862,elastic/apm-agent-python,100,2604,407,2024-08-26 07:55:53+00:00,4,0,0
864,ewels/MultiQC,41,3313,1194,2024-08-21 11:16:47+00:00,9,0,0
865,fedora-infra/fedmsg,13,4592,170,2023-12-01 13:06:33+00:00,273,0,0
866,galaxyproject/pulsar,7,3723,37,2024-06-18 15:18:22+00:00,73,0,0
868,hydroshare/hydroshare,192,3619,178,2024-08-01 14:23:52+00:00,29,0,0
870,metomi/rose,78,4336,55,2024-07-25 11:17:13+00:00,36,0,0
871,mozilla/balrog,125,4704,98,2024-08-22 14:27:10+00:00,8,0,0
874,tableau/TabPy,21,2892,1546,2024-06-25 21:00:38+00:00,65,0,0
875,thombashi/tcconfig,82,3147,786,2024-08-17 10:01:52+00:00,13,0,0
876,unt-libraries/django-premis-event-service,6,3857,14,2024-03-29 15:00:47+00:00,154,0,0
878,AppThreat/vulnerability-db,119,1683,86,2024-07-16 21:21:39+00:00,44,0,0
879,piccolo-orm/piccolo,159,2132,1376,2024-08-20 17:46:26+00:00,10,0,0
880,ArduPilot/MAVProxy,12,4502,451,2024-08-26 23:05:23+00:00,3,0,0
881,ganeti/ganeti,7,3608,489,2024-08-26 13:35:25+00:00,4,0,0
882,AresValley/Artemis,6,1978,349,2024-06-22 16:37:44+00:00,69,0,0
883,Tautulli/Tautulli,224,3476,5526,2024-08-11 02:41:23+00:00,19,0,0
884,TracyWebTech/django-revproxy,21,4032,300,2024-01-17 08:28:15+00:00,226,0,0
885,affjljoo3581/canrevan,23,1551,89,2023-02-03 08:04:16+00:00,574,0,0
886,cloudinary/pycloudinary,46,4501,251,2024-08-01 21:15:39+00:00,28,0,0
887,edmorley/newrelic-python-agent,68,3212,173,2024-08-19 22:48:37+00:00,10,0,0
888,mdmintz/SeleniumBase,950,3830,4810,2024-08-29 03:08:53+00:00,1,0,0
889,nasa/apod-api,9,3193,807,2023-06-12 18:33:46+00:00,445,0,0
891,libstorage/libstoragemgmt,40,3453,82,2024-07-15 20:41:15+00:00,45,0,0
892,CloudBotIRC/CloudBot,11,3775,273,2023-12-24 07:05:06+00:00,250,0,0
894,Diaoul/subliminal,14,4804,2385,2024-07-22 23:05:57+00:00,38,0,0
897,aag/apple_trailer_downloader,6,4625,23,2023-05-29 00:39:39+00:00,459,0,0
898,cms-dev/cms,12,4714,885,2024-02-11 18:50:01+00:00,201,0,0
900,fabiocaccamo/django-freeze,7,3241,93,2024-07-01 20:12:31+00:00,59,0,0
902,lorien/grab,5,4138,2382,2023-07-01 14:51:21+00:00,426,0,0
904,stephenmcd/mezzanine,9,5206,4753,2022-11-02 08:25:54+00:00,667,0,0
906,Axelrod-Python/Axelrod,94,3480,719,2024-07-12 10:53:34+00:00,49,0,0
908,mozilla/OpenWPM,35,3733,1330,2024-08-20 02:27:32+00:00,10,0,0
909,aertslab/pySCENIC,47,2367,414,2024-04-08 07:33:11+00:00,144,0,0
910,schlegelp/navis,26,2039,78,2024-08-29 09:13:54+00:00,1,0,0
911,tensorflow/quantum,10,1666,1777,2024-05-17 17:45:48+00:00,105,0,0
912,python-beaver/python-beaver,13,4418,554,2023-05-30 01:07:39+00:00,458,0,0
913,BigBrotherBot/big-brother-bot,13,5728,146,2023-11-22 12:30:28+00:00,282,0,0
914,Hugovdberg/PIconnect,17,2474,84,2024-07-24 16:33:49+00:00,37,0,0
916,PythonCharmers/python-future,7,4064,1171,2024-07-16 00:40:21+00:00,45,0,0
917,SatelliteQE/robottelo,63,4522,61,2024-08-29 15:17:04+00:00,1,0,0
918,StingraySoftware/HENDRICS,8,2628,23,2024-07-12 13:27:25+00:00,49,0,0
919,Toblerity/Shapely,21,4625,3816,2024-08-26 01:24:55+00:00,4,0,0
921,beaker-project/beaker,14,5085,78,2024-06-27 16:41:38+00:00,64,0,0
923,casacore/python-casacore,19,3768,36,2024-08-28 14:54:56+00:00,2,0,0
924,celery/celery,50,5606,24339,2024-08-28 11:58:30+00:00,2,0,0
926,dimagi/jsonobject,7,4080,233,2023-06-01 21:14:12+00:00,455,0,0
927,django-haystack/django-haystack,15,5690,3582,2024-08-07 16:30:18+00:00,23,0,0
928,dw/mitogen,7,2937,2302,2024-08-13 12:08:07+00:00,17,0,0
929,elastic/elasticsearch-py,79,4137,4202,2024-08-26 11:06:29+00:00,4,0,0
930,enthought/chaco,10,4962,292,2023-06-26 13:48:38+00:00,431,0,0
931,epsy/sigtools,7,3987,16,2022-10-12 07:30:34+00:00,688,0,0
933,galaxyproject/bioblend,15,4468,85,2024-07-27 10:00:00+00:00,34,0,0
934,google/apitools,10,3486,133,2024-06-11 16:35:09+00:00,80,0,0
935,google/google-api-python-client,200,3885,7637,2024-08-28 15:34:27+00:00,2,0,0
938,haypo/perf,11,3011,776,2024-08-27 11:37:54+00:00,3,0,0
939,iconfinder/pyvat,17,4167,64,2024-01-25 11:47:28+00:00,218,0,0
940,jorisroovers/gitlint,30,3283,803,2023-09-02 08:25:48+00:00,363,0,0
942,pajbot/pajbot,33,3363,289,2024-08-26 07:43:06+00:00,4,0,0
944,pydata/xarray,94,3986,3545,2024-08-29 19:18:12+00:00,0,0,0
945,pyinstaller/pyinstaller,67,4663,11660,2024-08-29 20:32:28+00:00,0,0,0
946,qubole/qds-sdk-py,60,4104,51,2023-03-15 13:14:43+00:00,534,0,0
947,redhat-performance/tuned,33,2933,797,2024-08-19 14:06:47+00:00,11,0,0
948,robotools/fontParts,46,3102,132,2024-08-12 13:56:08+00:00,18,0,0
949,rollbar/pyrollbar,43,4399,213,2024-05-24 19:56:06+00:00,97,0,0
950,scalyr/scalyr-agent-2,108,3641,70,2024-08-07 08:46:19+00:00,23,0,0
951,scikit-learn-contrib/categorical-encoding,16,3196,2394,2024-04-09 11:39:30+00:00,143,0,0
952,sciunto-org/python-bibtexparser,9,4253,467,2024-05-21 05:34:44+00:00,101,0,0
953,simphony/osp-core,23,1529,16,2022-12-06 14:35:04+00:00,633,0,0
954,slimta/python-slimta,14,4279,171,2024-04-14 20:58:50+00:00,137,0,0
956,splunk/splunk-sdk-python,23,4910,686,2024-06-27 10:33:06+00:00,64,0,0
957,stripe/stripe-python,291,4814,1635,2024-08-28 21:41:44+00:00,1,0,0
958,sunscrapers/djoser,23,3621,2512,2024-06-07 11:56:58+00:00,84,0,0
959,tweepy/tweepy,31,5533,10428,2024-02-06 17:33:45+00:00,206,0,0
960,uw-it-aca/myuw,297,3564,13,2024-08-29 17:51:41+00:00,1,0,0
964,CoreSecurity/impacket,13,3424,13226,2024-08-29 14:58:19+00:00,1,0,0
965,GetStream/stream-python,13,3747,142,2023-10-25 16:58:34+00:00,310,0,0
966,IdentityPython/SATOSA,49,3284,195,2024-06-11 10:01:16+00:00,80,0,0
968,Keeper-Security/Commander,156,3285,184,2024-08-23 23:30:59+00:00,6,0,0
969,LaunchKey/launchkey-python,18,4076,20,2023-06-01 18:48:26+00:00,456,0,0
970,LedgerHQ/blue-loader-python,6,3061,120,2024-05-21 06:49:18+00:00,101,0,0
971,OpenIDC/pyoidc,32,4676,709,2024-07-22 10:48:27+00:00,39,0,0
974,edx/edx-proctoring,264,3370,56,2024-05-29 19:09:07+00:00,92,0,0
975,edx/xblock-lti-consumer,104,3216,27,2024-07-29 18:25:08+00:00,32,0,0
977,flobz/psa_car_controller,20,1383,401,2024-05-16 17:35:14+00:00,106,0,0
978,freedomofpress/securedrop,49,4614,3597,2024-08-15 22:32:47+00:00,14,0,0
980,jaraco/keyrings.alt,12,3150,24,2024-08-29 21:05:53+00:00,0,0,0
981,koldinger/Tardis,40,3882,59,2024-06-18 15:36:20+00:00,73,0,0
982,mikelolasagasti/revelation,7,4634,56,2023-01-02 16:22:47+00:00,606,0,0
983,nmantani/FileInsight-plugins,29,4376,155,2024-08-12 04:31:00+00:00,18,0,0
984,nuxeo/nuxeo-drive,85,4472,67,2024-08-29 05:54:36+00:00,1,0,0
985,obsidianforensics/hindsight,11,3752,1056,2024-05-09 22:22:17+00:00,112,0,0
986,pyload/pyload,17,4218,3273,2024-08-24 08:16:22+00:00,6,0,0
987,snowflakedb/snowflake-connector-python,106,2982,574,2024-08-23 20:36:19+00:00,6,0,0
988,thumbor/thumbor,130,4915,10007,2024-06-04 20:58:20+00:00,86,0,0
990,Azure/azure-sdk-for-python,3604,4510,4438,2024-08-29 19:35:14+00:00,0,0,0
991,felix-hilden/tekore,47,1844,204,2024-07-04 17:05:46+00:00,57,0,0
992,willforde/script.module.codequick,13,3083,33,2023-07-10 21:38:18+00:00,416,0,0
993,BD2KGenomics/toil,53,3439,892,2024-08-27 22:01:47+00:00,2,0,0
994,openstack/cloudbase-init,7,3626,420,2024-07-09 08:31:08+00:00,52,0,0
995,PaddlePaddle/PaddleSlim,9,1718,1551,2024-03-28 05:22:09+00:00,155,0,0
996,PyLops/pylops,29,2120,416,2024-08-17 13:36:55+00:00,13,0,0
997,hyperspy/hyperspy,42,4759,505,2024-08-29 16:34:07+00:00,1,0,0
998,invesalius/invesalius3,19,4320,610,2024-08-28 10:23:43+00:00,2,0,0
1002,jjjake/internetarchive,47,4397,1576,2024-08-27 22:03:20+00:00,2,0,0
1003,pypa/twine,12,4034,1583,2024-08-29 21:02:35+00:00,0,0,0
1005,JohnKendrick/PDielec,27,3208,13,2024-06-18 17:33:42+00:00,73,0,0
1007,huggingface/nlp,89,1617,18921,2024-08-26 06:09:42+00:00,4,0,0
1008,hsoft/dupeguru,8,4086,5195,2024-08-23 23:31:46+00:00,6,0,0
1009,Boltgolt/howdy,11,2428,5678,2024-05-04 11:30:12+00:00,118,0,0
1010,JrGoodle/clowder,40,3350,12,2023-07-09 21:22:01+00:00,417,0,0
1011,skyzh/canvas_grab,36,1642,208,2022-09-12 17:02:19+00:00,718,0,0
1013,DataDog/apigentools,9,1888,39,2024-03-28 17:44:16+00:00,155,0,0
1014,DataDog/riot,32,1514,23,2024-07-24 17:09:09+00:00,37,0,0
1015,GreyNoise-Intelligence/pygreynoise,15,2456,149,2024-08-01 13:07:46+00:00,29,0,0
1016,Stratoscale/skipper,47,2934,46,2024-02-25 21:59:43+00:00,186,0,0
1017,Yubico/yubioath-desktop,42,3845,974,2024-08-29 14:30:33+00:00,1,0,0
1018,ansible-community/molecule,74,3207,3857,2024-08-27 17:33:09+00:00,3,0,0
1019,fedora-python/pyp2rpm,12,3335,127,2023-08-06 05:39:13+00:00,390,0,0
1021,getpatchwork/git-pw,28,3230,33,2024-05-16 09:37:44+00:00,106,0,0
1022,globus/globus-cli,59,3096,75,2024-08-28 15:52:57+00:00,2,0,0
1023,godaddy/tartufo,44,1757,457,2024-07-26 13:25:23+00:00,35,0,0
1026,indico/indico,61,4782,1722,2024-08-29 09:52:01+00:00,1,0,0
1028,kxr/o-must-gather,11,1543,160,2024-02-01 04:37:08+00:00,211,0,0
1029,networktocode/network-importer,17,1795,167,2023-10-23 16:22:03+00:00,312,0,0
1030,sonatype-nexus-community/jake,31,1784,110,2024-07-18 20:44:02+00:00,42,0,0
1031,tony/vcspull,38,3994,205,2024-08-26 10:50:44+00:00,4,0,0
1032,trhallam/segysak,26,1868,95,2024-08-22 16:06:52+00:00,8,0,0
1033,vals/umis,17,3360,128,2023-03-14 18:48:53+00:00,535,0,0
1035,rockstor/rockstor-core,109,4168,550,2023-07-12 12:06:48+00:00,415,0,0
1036,jazzband/django-constance,5,5092,1687,2024-08-23 19:13:54+00:00,6,0,0
1038,mixpanel/mixpanel-python,12,4089,103,2024-03-08 22:37:10+00:00,174,0,0
1039,dagster-io/dagster,321,2313,11056,2024-08-29 21:04:26+00:00,0,0,0
1040,CBIIT/nci-webtools-dceg-linkage,46,3506,21,2024-06-21 19:39:41+00:00,69,0,0
1041,kkrypt0nn/Python-Discord-Bot-Template,36,2011,883,2024-07-21 13:51:47+00:00,40,0,0
1042,leeping/forcebalance,21,4068,144,2024-07-29 19:06:13+00:00,31,0,0
1045,mongodb/mongo-python-driver,37,5705,4108,2024-08-29 14:02:47+00:00,1,0,0
1046,thenetcircle/dino,19,2886,137,2024-07-15 04:59:53+00:00,46,0,0
1047,GoogleCloudPlatform/gcloud-python,2695,3866,4779,2024-08-26 14:11:03+00:00,4,0,0
1048,OCA/connector,10,3726,337,2024-05-21 01:00:33+00:00,101,0,0
1049,RaRe-Technologies/gensim,43,4949,15536,2024-08-10 11:58:54+00:00,20,0,0
1050,XLSForm/pyxform,44,3656,78,2024-07-31 08:01:32+00:00,30,0,0
1053,gorakhargosh/watchdog,37,5059,6462,2024-08-27 08:03:06+00:00,3,0,0
1056,pytroll/pyresample,34,3634,344,2024-08-28 18:27:29+00:00,2,0,0
1059,testing-cabal/testtools,5,4235,94,2024-08-26 11:29:06+00:00,4,0,0
1060,torchbox/Willow,28,3590,272,2024-06-25 14:06:43+00:00,66,0,0
1062,alexis-mignon/python-flickr-api,8,4537,366,2023-07-26 00:12:49+00:00,401,0,0
1064,CastXML/pygccxml,32,3761,130,2024-06-07 21:39:08+00:00,83,0,0
1066,PyCQA/flake8-bugbear,51,3088,1053,2024-08-21 12:27:26+00:00,9,0,0
1067,PyCQA/prospector,53,4042,1932,2024-04-16 14:53:11+00:00,136,0,0
1068,caleb531/youversion-suggest,87,3839,56,2024-06-18 03:35:37+00:00,73,0,0
1069,cyberbotics/urdf2webots,23,2247,128,2024-03-19 07:39:11+00:00,164,0,0
1071,harrystech/arthur-redshift-etl,82,2572,25,2023-09-12 18:28:00+00:00,353,0,0
1073,nathan-v/aws_okta_keyman,24,2366,59,2022-09-01 19:47:01+00:00,728,0,0
1075,theochem/horton,10,4785,92,2024-08-02 10:23:04+00:00,28,0,0
1076,apache/incubator-tvm,18,2877,11564,2024-08-29 11:11:59+00:00,1,0,0
1077,craffel/mir_eval,7,4041,596,2024-08-16 14:47:57+00:00,14,0,0
1078,ansible-collections/community.aws,48,1639,186,2024-08-19 09:01:23+00:00,11,0,0
1079,scrapy/scrapy,38,5302,52215,2024-08-28 19:07:49+00:00,1,0,0
1080,GoekeLab/xpore,9,1697,132,2023-11-21 09:00:28+00:00,283,0,0
1081,Kinto/kinto,168,3473,4315,2024-08-28 07:44:35+00:00,2,0,0
1082,SaidBySolo/neispy,8,1587,63,2023-11-30 13:47:32+00:00,274,0,0
1083,VOLTTRON/volttron,34,3948,454,2024-05-08 21:17:54+00:00,113,0,0
1084,Yelp/paasta,259,3229,1681,2024-08-29 16:07:49+00:00,1,0,0
1085,deepmind/kapitan,117,2516,1796,2024-08-17 20:02:23+00:00,12,0,0
1086,ilius/starcal,26,4918,153,2024-07-21 22:21:51+00:00,39,0,0
1087,miku/siskin,5,3720,21,2024-06-03 07:39:43+00:00,88,0,0
1090,snarfed/granary,31,4567,432,2024-08-29 19:52:09+00:00,0,0,0
1091,snarfed/oauth-dropins,25,3982,35,2024-08-29 18:11:01+00:00,1,0,0
1094,bcbio/bcbio-nextgen,14,4222,984,2024-08-24 11:11:30+00:00,6,0,0
1095,JohannesBuchner/BXA,8,3863,54,2024-05-28 09:04:11+00:00,94,0,0
1096,LinkedEarth/Pyleoclim_util,28,3018,84,2024-08-13 23:20:19+00:00,16,0,0
1097,NCI-GDC/gdc-client,13,3312,143,2024-08-12 18:19:39+00:00,18,0,0
1098,PLOS/allofplos,6,2534,60,2024-08-24 10:08:51+00:00,6,0,0
1099,PyPSA/atlite,13,2855,263,2024-08-23 17:37:23+00:00,7,0,0
1103,wazuh/wazuh-splunk,214,2654,48,2023-10-24 15:01:00+00:00,311,0,0
1106,softlayer/softlayer-python,63,5243,152,2024-08-09 21:05:40+00:00,20,0,0
1107,CleanCut/green,50,3802,791,2024-04-25 17:52:46+00:00,127,0,0
1108,ankitects/anki,57,4269,18191,2024-08-29 15:20:11+00:00,1,0,0
1109,ipython/traitlets,23,3918,612,2024-04-19 11:11:32+00:00,133,0,0
1110,miketeo/pysmb,32,3762,337,2024-04-15 01:15:09+00:00,137,0,0
1111,ninuxorg/netdiff,24,3581,78,2024-08-14 18:16:06+00:00,16,0,0
1113,ContextLab/hypertools,21,2892,1815,2024-03-19 21:59:57+00:00,163,0,0
1114,OpenTrons/opentrons-api,168,3341,411,2024-08-29 17:56:55+00:00,1,0,0
1115,geophile/marcel,40,1647,335,2024-08-26 14:06:22+00:00,4,0,0
1117,rhayes777/PyAutoFit,15,2111,59,2024-08-27 15:55:39+00:00,3,0,0
1118,saezlab/pypath,27,3466,132,2024-07-18 13:07:06+00:00,43,0,0
1119,voxel51/eta,32,2520,29,2024-08-10 17:28:22+00:00,20,0,0
1120,azavea/keras-semantic-segmentation,22,2765,2046,2024-08-29 20:21:23+00:00,0,0,0
1121,gammapy/gammapy,5,4124,223,2024-08-27 16:01:19+00:00,3,0,0
1122,quantumblacklabs/kedro,53,1960,9802,2024-08-29 10:17:46+00:00,1,0,0
1123,replit/replit-py,13,1494,157,2024-05-17 19:22:10+00:00,104,0,0
1124,TankerHQ/tbump,36,2457,155,2024-04-06 13:31:20+00:00,146,0,0
1125,TankerHQ/tsrc,44,2596,206,2024-08-16 14:58:52+00:00,14,0,0
1126,rafalp/Misago,70,4451,2518,2024-08-24 11:02:15+00:00,6,0,0
1127,DataBiosphere/dsub,43,2743,262,2024-07-18 19:25:15+00:00,42,0,0
1128,DataDog/integrations-core,27,3194,907,2024-08-29 20:40:29+00:00,0,0,0
1130,moepman/acertmgr,11,3154,25,2023-07-13 13:36:44+00:00,414,0,0
1131,pallets/werkzeug,43,5064,6616,2024-08-24 01:05:42+00:00,6,0,0
1132,capitalone/cloud-custodian,73,3103,5341,2024-08-28 13:03:31+00:00,2,0,0
1133,chanzuckerberg/miniwdl,73,2210,171,2024-07-20 05:50:26+00:00,41,0,0
1134,projectsyn/commodore,79,1717,46,2024-08-26 00:52:33+00:00,4,0,0
1135,quiltdata/quilt-compiler,52,2757,1322,2024-08-24 06:46:34+00:00,6,0,0
1136,spdx/tools-python,15,3446,177,2024-08-23 09:18:37+00:00,7,0,0
1137,mlspec/mlspec-lib,5,1622,12,2024-03-13 14:43:32+00:00,170,0,0
1139,pypeclub/pype,113,1993,284,2024-08-28 09:53:52+00:00,2,0,0
1140,UNINETT/nav,58,2781,179,2024-08-23 11:43:06+00:00,7,0,0
1142,pinterest/snappass,8,3980,829,2024-08-27 17:29:15+00:00,3,0,0
1143,DDMAL/Rodan,23,4775,46,2023-11-30 14:05:13+00:00,274,0,0
1144,evernote/zing,37,2892,59,2024-05-15 09:21:59+00:00,107,0,0
1146,bcgsc/mavis,49,2463,72,2023-08-17 17:49:12+00:00,379,0,0
1147,brigade-automation/brigade,26,2813,1374,2024-08-26 16:05:06+00:00,4,0,0
1148,etal/cnvkit,42,3705,538,2024-04-12 21:45:07+00:00,139,0,0
1150,miurahr/aqtinstall,115,2007,910,2024-08-17 01:52:55+00:00,13,0,0
1153,csaez/quicklauncher,6,4081,72,2024-04-15 16:03:07+00:00,137,0,0
1154,enthought/apptools,6,4962,37,2024-07-08 11:16:54+00:00,53,0,0
1155,fedora-infra/the-new-hotness,26,3613,42,2024-08-01 13:39:41+00:00,29,0,0
1156,joblib/joblib,5,5228,3804,2024-08-02 07:19:44+00:00,28,0,0
1157,adbar/trafilatura,37,1970,3375,2024-08-28 15:22:03+00:00,2,0,0
1158,crate/crate-python,19,4019,79,2024-07-01 09:36:13+00:00,60,0,0
1159,cubewise-code/TM1py,30,3238,185,2024-08-19 02:47:31+00:00,11,0,0
1160,getsentry/snuba,81,2372,334,2024-08-29 21:07:00+00:00,0,0,0
1161,jlafon/PynamoDB,64,3874,2429,2024-05-29 18:48:05+00:00,93,0,0
1162,launchdarkly/python-client,105,3676,38,2024-08-26 18:46:08+00:00,4,0,0
1163,newrelic/newrelic-telemetry-sdk-python,14,1962,33,2024-03-26 16:35:07+00:00,157,0,0
1164,openeventstack/pretalx,31,2742,701,2024-08-29 13:36:57+00:00,1,0,0
1165,stratosphereips/StratosphereLinuxIPS,22,3187,685,2024-08-07 13:27:16+00:00,23,0,0
1167,zalando/patroni,61,3340,6550,2024-08-29 12:37:13+00:00,1,0,0
1168,DataDog/datadog-serverless-functions,117,3177,335,2024-08-20 15:21:03+00:00,10,0,0
1169,snowflakedb/snowflake-ingest-python,9,2884,56,2024-08-26 08:28:24+00:00,4,0,0
1170,MindscapeHQ/raygun4py,27,4208,19,2024-02-28 00:35:14+00:00,184,0,0
1171,PyGithub/PyGithub,45,4569,6881,2024-08-26 06:45:08+00:00,4,0,0
1173,google/openhtf,14,3289,522,2024-08-28 17:40:25+00:00,2,0,0
1174,haiwen/seafdav,233,3757,83,2024-08-29 02:49:48+00:00,1,0,0
1175,metaodi/osmapi,38,3893,210,2024-08-08 11:27:35+00:00,22,0,0
1176,mwclient/mwclient,18,4294,313,2024-08-26 22:26:18+00:00,3,0,0
1177,OpenShot/openshot-qt,24,3377,4225,2024-07-31 20:22:40+00:00,29,0,0
1178,googleapis/python-bigquery,109,1724,727,2024-08-27 23:08:51+00:00,2,0,0
1179,googleapis/python-datastore,56,1665,79,2024-08-14 17:23:04+00:00,16,0,0
1180,googleapis/python-logging,54,1724,124,2024-08-20 17:16:36+00:00,10,0,0
1181,googleapis/python-pubsub,116,1724,384,2024-08-12 16:38:17+00:00,18,0,0
1182,googleapis/python-storage,54,1724,435,2024-08-08 21:55:07+00:00,21,0,0
1183,onaio/onadata,218,3999,182,2024-08-30 13:50:02+00:00,0,0,0
1184,pyxnat/pyxnat,7,5126,71,2024-04-11 13:41:27+00:00,141,0,0
1185,rfverbruggen/rachiopy,9,3321,25,2024-01-03 09:57:06+00:00,240,0,0
1187,twilio/twilio-python,225,5462,1828,2024-08-26 11:23:30+00:00,4,0,0
1188,automicus/PyISY,49,3839,16,2023-03-21 12:20:43+00:00,528,0,0
1190,beat-machine/beat-machine,5,2078,40,2022-11-27 21:12:46+00:00,641,0,0
1191,certego/IntelOwl,67,1703,3712,2024-08-28 09:30:19+00:00,2,0,0
1193,hedythedev/starcli,45,1539,549,2024-08-24 14:00:32+00:00,6,0,0
1194,machinable-org/machinable,68,1744,34,2024-08-06 18:54:46+00:00,24,0,0
1196,neurostuff/NiMARE,45,2417,177,2024-08-21 18:29:47+00:00,9,0,0
1197,pappasam/jedi-language-server,108,1837,584,2024-08-26 19:41:34+00:00,3,0,0
1199,spectacles-ci/spectacles,50,1941,214,2024-08-12 10:38:46+00:00,18,0,0
1201,DeepSpace2/StyleFrame,38,3293,367,2023-11-14 20:29:34+00:00,289,0,0
1203,inishchith/em-keyboard,23,3094,308,2024-07-02 11:23:33+00:00,59,0,0
1206,DefectDojo/django-DefectDojo,194,3479,3579,2024-08-26 16:48:28+00:00,4,0,0
1207,TUW-GEO/ascat,25,2970,22,2024-08-30 13:52:26+00:00,0,0,0
1208,raphaelvallat/pingouin,39,2342,1591,2024-05-27 05:55:23+00:00,95,0,0
1209,SasView/sasview,37,3489,48,2024-08-30 14:34:20+00:00,0,0,0
1210,Exa-Networks/exabgp,62,4020,2064,2024-08-19 15:18:10+00:00,11,0,0
1211,Grokzen/pykwalify,21,4242,291,2023-10-31 13:25:02+00:00,304,0,0
1213,SteveDoyle2/pyNastran,12,3458,382,2024-08-22 05:55:09+00:00,8,0,0
1217,unixsurfer/anycast_healthchecker,13,3336,169,2024-06-24 13:14:00+00:00,67,0,0
1220,DocNow/twarc,131,4245,1362,2023-04-04 12:56:03+00:00,514,0,0
1221,YuvrajRaghuvanshiS/WhatsApp-Key-Database-Extractor,5,1379,459,2023-08-28 08:31:55+00:00,368,0,0
1222,bird-house/flyingpigeon,12,3648,19,2023-09-11 13:50:25+00:00,354,0,0
1223,erdogant/findpeaks,39,1581,228,2024-08-28 19:32:43+00:00,1,0,0
1224,noaa-oar-arl/MONET,14,2857,43,2024-04-11 21:46:04+00:00,140,0,0
1225,DonJayamanne/pythonVSCode,51,3145,2082,2024-07-04 08:12:50+00:00,57,0,0
1226,desihub/desispec,22,3586,35,2024-08-28 01:04:53+00:00,2,0,0
1227,EI-CoreBioinformatics/mikado,86,3286,91,2024-05-24 18:59:43+00:00,98,0,0
1229,mikeqfu/pydriosm,17,2652,47,2023-10-21 16:03:11+00:00,314,0,0
1230,murthylab/sleap,109,2003,421,2024-08-26 17:03:53+00:00,4,0,0
1231,EPAENERGYSTAR/epathermostat,9,2772,16,2023-01-06 18:07:39+00:00,602,0,0
1232,Microsoft/fairlearn,14,2298,1886,2024-08-09 10:12:02+00:00,21,0,0
1233,NCATS-Tangerine/kgx,51,2319,114,2024-07-24 20:14:51+00:00,36,0,0
1234,arviz-devs/arviz,37,3319,1578,2024-08-28 20:17:07+00:00,1,0,0
1235,neurodata/brainlit,6,1671,26,2024-04-05 13:48:48+00:00,147,0,0
1236,neuropoly/spinalcordtoolbox,69,3743,196,2024-08-27 12:00:46+00:00,3,0,0
1239,ReactionMechanismGenerator/RMG-Py,22,5437,381,2024-08-06 21:57:08+00:00,23,0,0
1240,jedie/DragonPy,7,4018,44,2024-04-16 15:14:40+00:00,136,0,0
1241,pytube/pytube,31,4547,12032,2023-05-20 10:08:41+00:00,468,0,0
1242,robotframework/RIDE,31,4720,957,2024-08-16 12:38:55+00:00,14,0,0
1243,FairwindsOps/reckoner,56,2102,338,2024-07-18 18:39:38+00:00,43,0,0
1244,ungarj/mapchete,78,3326,193,2024-08-14 09:43:10+00:00,16,0,0
1245,FeatureLabs/nlp_primitives,31,1865,37,2024-05-15 20:57:44+00:00,106,0,0
1247,Fizzadar/pyinfra,103,3602,3804,2024-08-18 12:55:27+00:00,12,0,0
1249,bashwork/pymodbus,75,4651,2217,2024-08-27 10:50:55+00:00,3,0,0
1250,castelao/seabird,5,4359,47,2023-02-19 23:17:41+00:00,557,0,0
1252,tern-tools/tern,23,2466,953,2023-12-08 21:51:22+00:00,265,0,0
1254,keylime/keylime,61,2871,412,2024-08-19 21:02:02+00:00,10,0,0
1255,smarthomeNG/plugins,23,2819,45,2024-01-28 19:03:10+00:00,214,0,0
1256,tus/tus-py-client,13,2904,166,2023-12-13 13:05:26+00:00,261,0,0
1257,GNS3/gns3-server,196,3990,780,2024-08-06 18:32:41+00:00,24,0,0
1260,tilgovi/pyramid-oauthlib,7,3683,31,2022-09-17 04:32:24+00:00,713,0,0
1261,GalSim-developers/GalSim,22,4572,223,2024-07-10 06:58:06+00:00,51,0,0
1263,uploadcare/pyuploadcare,39,4764,126,2024-04-09 12:26:47+00:00,143,0,0
1264,GaretJax/django-click,10,3275,245,2024-08-01 14:07:55+00:00,29,0,0
1266,jazzband/sorl-thumbnail,7,5039,1731,2024-08-29 15:40:16+00:00,1,0,0
1268,GenericMappingTools/pygmt,18,2721,744,2024-08-29 23:47:22+00:00,0,0,0
1269,automl/SMAC3,44,2934,1060,2024-07-24 14:36:04+00:00,37,0,0
1271,tardis-sn/tardis,155,4648,198,2024-08-30 14:38:18+00:00,0,0,0
1272,wmayner/pyphi,30,3796,372,2024-08-22 21:41:10+00:00,7,0,0
1273,NagiosEnterprises/ncpa,32,3878,176,2024-05-24 15:41:20+00:00,98,0,0
1274,blue-yonder/pyscaffold,26,3802,2068,2023-06-20 15:54:36+00:00,437,0,0
1275,reingart/pyafipws,7,4047,284,2024-04-16 02:55:17+00:00,136,0,0
1276,zalando/spilo,29,3422,1524,2024-08-10 10:35:05+00:00,20,0,0
1277,deepchem/deepchem,20,3261,5367,2024-08-23 16:39:43+00:00,7,0,0
1278,jensengroup/propka,5,4320,256,2024-02-19 07:39:07+00:00,193,0,0
1280,mirnylab/cooltools,19,2748,132,2024-08-09 15:04:34+00:00,21,0,0
1281,rhiever/tpot,30,3221,9647,2024-02-23 19:03:07+00:00,188,0,0
1283,biocore/qiita,28,3990,120,2024-07-15 22:17:00+00:00,45,0,0
1285,google/capirca,9,3313,767,2024-08-26 18:08:27+00:00,4,0,0
1286,jmcgeheeiv/pyfakefs,61,3454,641,2024-08-27 03:20:05+00:00,3,0,0
1287,Swimlane/swimlane-python,65,3156,32,2024-08-13 11:19:07+00:00,17,0,0
1288,hikari-py/hikari,64,1475,801,2024-08-30 13:40:44+00:00,0,0,0
1289,GovReady/govready-q,29,3044,179,2023-06-11 16:15:30+00:00,446,0,0
1292,bethgelab/foolbox,59,2633,2711,2024-03-04 15:46:26+00:00,179,0,0
1293,ni/nimi-python,31,2666,112,2024-05-08 20:33:13+00:00,113,0,0
1294,IDSIA/sacred,14,3804,4204,2024-08-26 09:20:38+00:00,4,0,0
1295,OasisLMF/OasisLMF,134,2418,124,2024-08-09 10:33:21+00:00,21,0,0
1296,greedo/python-xbrl,5,3678,219,2023-04-26 00:21:30+00:00,492,0,0
1297,rmjarvis/TreeCorr,12,3691,98,2024-03-12 12:58:12+00:00,171,0,0
1299,vit-project/vit,13,2918,481,2024-07-08 20:58:32+00:00,52,0,0
1300,snapcore/snapcraft,155,3227,1175,2024-08-29 15:25:25+00:00,1,0,0
1302,wh1te909/tacticalrmm,150,1772,3040,2024-08-20 19:49:17+00:00,9,0,0
1303,allenai/pybart,40,1746,37,2024-03-06 07:37:53+00:00,177,0,0
1304,bioinform/somaticseq,58,3430,191,2024-07-30 23:27:50+00:00,30,0,0
1305,intentionet/netconan,21,2464,145,2024-07-23 20:28:13+00:00,37,0,0
1307,PyO3/setuptools-rust,49,2730,590,2024-08-04 13:34:29+00:00,26,0,0
1308,creativeprojects/resticprofile,45,1906,662,2024-08-25 15:41:33+00:00,5,0,0
1310,Yubico/yubikey-manager,39,2978,855,2024-08-28 06:52:21+00:00,2,0,0
1312,nlgranger/SeqTools,8,2625,48,2024-04-12 20:39:34+00:00,139,0,0
1313,IN-CORE/pyincore,90,1714,24,2024-08-29 20:51:53+00:00,0,0,0
1314,mjs7231/python-plexapi,53,3531,1125,2024-08-18 20:14:18+00:00,11,0,0
1315,IQTLabs/poseidon,105,3033,416,2024-08-14 19:17:30+00:00,15,0,0
1316,chdsbd/kodiak,58,1960,1035,2024-05-11 22:15:18+00:00,110,0,0
1318,jadchaar/SEC-EDGAR-Downloader,22,2078,476,2024-07-26 04:49:02+00:00,35,0,0
1320,triaxtec/openapi-python-client,79,1657,1244,2024-08-29 23:19:40+00:00,0,0,0
1321,IdentityPython/pyop,20,2921,87,2023-10-26 20:47:07+00:00,308,0,0
1322,SeitaBV/flexmeasures,49,1364,142,2024-08-26 18:12:50+00:00,4,0,0
1324,MycroftAI/adapt,15,3278,712,2024-07-21 21:46:45+00:00,39,0,0
1325,cisco-ie/cisco-gnmi-python,14,2262,40,2023-12-06 20:49:13+00:00,267,0,0
1327,facetoe/zenpy,23,3490,339,2024-08-20 20:27:15+00:00,9,0,0
1328,fizyr/keras-retinanet,6,2572,4372,2023-03-16 14:51:24+00:00,533,0,0
1330,jollychang/robotframework-appiumlibrary,17,3751,396,2024-08-06 16:58:17+00:00,24,0,0
1331,romanvm/script.module.pyxbmct,9,3724,46,2023-12-22 21:30:53+00:00,251,0,0
1333,Syndace/python-omemo,20,2525,41,2024-07-14 16:50:48+00:00,47,0,0
1334,neithere/argh,24,4027,369,2024-07-13 18:11:30+00:00,48,0,0
1335,tBuLi/symfit,24,3637,233,2023-05-08 13:10:58+00:00,480,0,0
1336,adafruit/Adafruit_Blinka_bleio,27,1657,56,2024-03-20 20:34:17+00:00,162,0,0
1337,aws/aws-encryption-sdk-cli,12,2765,80,2024-06-24 20:17:19+00:00,66,0,0
1339,mollie/mollie-api-python,66,3754,113,2024-08-26 10:59:02+00:00,4,0,0
1340,robotframework/robotframework,81,3716,9584,2024-08-30 08:23:11+00:00,0,0,0
1341,tenable/pyTenable,19,2445,340,2024-08-06 15:50:59+00:00,24,0,0
1342,zaibacu/rita-dsl,8,1881,65,2022-10-07 10:45:55+00:00,693,0,0
1343,Jenyay/outwiker,54,4118,271,2024-08-15 10:13:52+00:00,15,0,0
1344,agronholm/anyio,5,2201,1730,2024-08-30 16:37:42+00:00,0,0,0
1345,pykickstart/pykickstart,23,3608,232,2024-08-20 00:18:15+00:00,10,0,0
1346,SanPen/GridCal,24,3151,404,2024-08-29 14:16:11+00:00,1,0,0
1348,elbakramer/koapy,15,1441,196,2022-12-16 17:45:19+00:00,623,0,0
1349,firstlookmedia/dangerzone,18,1696,3457,2024-08-09 11:40:12+00:00,21,0,0
1351,micahflee/onionshare,34,3753,6202,2024-08-26 07:01:33+00:00,4,0,0
1352,pypeit/PypeIt,24,3372,158,2024-08-26 15:24:06+00:00,4,0,0
1353,calliope-project/calliope,26,3998,285,2024-08-30 11:04:47+00:00,0,0,0
1354,meanmedianmoge/zoia_lib,7,1656,137,2024-01-31 15:45:32+00:00,212,0,0
1356,magenta/magenta,48,3037,19070,2024-08-01 02:26:04+00:00,29,0,0
1359,Kozea/WeasyPrint,73,4769,7014,2024-08-28 06:29:03+00:00,2,0,0
1360,KwanLab/Autometa,13,1745,40,2024-06-14 17:57:50+00:00,77,0,0
1361,calum-chamberlain/EQcorrscan,36,3389,164,2024-08-19 03:59:29+00:00,11,0,0
1363,sncosmo/sncosmo,21,4290,70,2024-07-17 15:48:04+00:00,44,0,0
1364,weaverba137/pydl,19,4194,28,2024-07-23 16:35:00+00:00,38,0,0
1366,inspirehep/inspire-next,138,3909,59,2024-08-28 09:11:05+00:00,2,0,0
1367,asyml/forte,11,1847,239,2023-04-06 15:04:49+00:00,512,0,0
1368,kipoi/models,49,2542,162,2024-07-24 00:18:31+00:00,37,0,0
1369,LedFx/LedFx,34,1350,1295,2024-08-30 05:20:05+00:00,0,0,0
1370,aleph-im/pyaleph,37,1998,75,2024-08-30 07:51:36+00:00,0,0,0
1372,aimhubio/aim,65,1917,5108,2024-08-29 12:26:27+00:00,1,0,0
1373,deepset-ai/haystack,117,1750,16027,2024-08-29 07:31:59+00:00,1,0,0
1374,desbma/sacad,63,3791,308,2024-07-28 20:16:52+00:00,32,0,0
1375,MikkelSchubert/paleomix,26,4201,43,2024-08-11 16:40:53+00:00,19,0,0
1376,bridgecrewio/checkov,1922,1737,6841,2024-08-29 23:01:34+00:00,0,0,0
1377,gwforg/gwf,7,4086,31,2024-06-27 19:46:54+00:00,63,0,0
1378,hyperledger/aries-cloudagent-python,89,1893,403,2024-08-29 17:37:30+00:00,1,0,0
1379,locustio/locust,122,4942,24478,2024-08-30 15:38:07+00:00,0,0,0
1380,smarkets/marge-bot,13,2618,691,2023-06-15 14:13:32+00:00,442,0,0
1381,MongoEngine/django-mongoengine,15,4489,748,2024-02-26 21:42:25+00:00,185,0,0
1382,django-cms/django-cms,17,5656,10109,2024-08-29 05:20:54+00:00,1,0,0
1383,jazzband/django-configurations,11,4422,1085,2023-11-30 09:53:39+00:00,274,0,0
1384,mathiasertl/django-ca,38,3172,139,2024-08-23 22:32:28+00:00,6,0,0
1386,MycroftAI/selene-backend,10,2220,143,2022-11-23 22:37:42+00:00,645,0,0
1387,SigmaHQ/sigma,27,2805,8031,2024-08-29 18:41:50+00:00,1,0,0
1389,computationalmodelling/fidimag,8,3261,60,2024-03-05 19:11:35+00:00,177,0,0
1391,otsaloma/gaupol,51,4891,248,2024-07-15 14:34:34+00:00,46,0,0
1392,otsaloma/nfoview,43,4911,138,2024-07-15 14:35:01+00:00,46,0,0
1393,scikit-rf/scikit-rf,31,4606,699,2024-08-30 08:12:10+00:00,0,0,0
1394,NHERI-SimCenter/pelicun,10,2192,50,2024-07-24 02:14:49+00:00,37,0,0
1395,aws/aws-xray-sdk-python,27,2537,326,2024-07-08 16:12:03+00:00,53,0,0
1396,cornellius-gp/gpytorch,33,2638,3512,2024-08-23 19:32:52+00:00,6,0,0
1398,nicolas-chaulet/deeppointcloud-benchmarks,10,1728,2455,2024-06-06 00:53:31+00:00,85,0,0
1399,tomasbedrich/pycaching,35,4048,61,2024-05-20 08:52:51+00:00,102,0,0
1401,dotKom/onlineweb4,486,4494,49,2024-08-30 16:54:23+00:00,0,0,0
1402,globocom/database-as-a-service,279,4018,366,2023-06-19 13:57:10+00:00,438,0,0
1403,jodal/comics,40,5589,133,2024-07-31 21:48:15+00:00,29,0,0
1405,pm4py/pm4py-core,144,2249,695,2024-08-19 12:03:34+00:00,11,0,0
1408,SuLab/WikidataIntegrator,33,2844,242,2023-11-14 05:08:21+00:00,290,0,0
1409,dulwich/dulwich,25,5639,2038,2024-08-30 01:00:35+00:00,0,0,0
1413,SeanNaren/deepspeech.pytorch,6,2788,2096,2022-10-24 12:11:50+00:00,676,0,0
1414,ivadomed/ivadomed,34,2408,154,2024-03-18 17:15:50+00:00,165,0,0
1415,PrincetonUniversity/PsyNeuLink,58,2996,86,2024-02-02 22:56:03+00:00,209,0,0
1418,fedora-infra/bodhi,87,5683,153,2024-08-19 21:00:59+00:00,10,0,0
1419,teamsempo/SempoBlockchain,24,1837,41,2023-01-13 15:46:18+00:00,595,0,0
1420,asdf-format/asdf,50,3810,515,2024-08-20 20:04:08+00:00,9,0,0
1421,burnash/gspread,61,4654,7010,2024-08-21 13:34:35+00:00,9,0,0
1425,RasaHQ/rasa-sdk,95,2264,289,2024-08-29 08:40:44+00:00,1,0,0
1428,willemarcel/osmcha-django,79,3313,35,2024-08-28 14:17:52+00:00,2,0,0
1429,ReproNim/neurodocker,23,2690,326,2024-08-26 06:49:21+00:00,4,0,0
1430,team-ocean/veros,20,2702,324,2024-08-22 09:34:00+00:00,8,0,0
1432,teamhephy/controller,14,2547,14,2022-09-24 19:30:23+00:00,705,0,0
1434,ilius/pyglossary,20,4967,2174,2024-08-07 23:08:06+00:00,22,0,0
1435,SAP/InfraBox,13,2352,268,2024-07-30 06:58:51+00:00,31,0,0
1437,SEED-platform/seed,88,3601,107,2024-08-29 22:10:34+00:00,0,0,0
1438,SK-415/HarukaBot,58,1415,828,2023-07-11 09:28:29+00:00,416,0,0
1439,cqmoe/python-aiocqhttp,5,2291,272,2023-06-11 05:18:02+00:00,446,0,0
1440,colour-science/colour,22,3840,2069,2024-08-27 20:22:24+00:00,2,0,0
1441,oemof/tespy,42,2453,266,2024-08-07 18:19:27+00:00,23,0,0
1442,pauliacomi/pyGAPS,26,2591,63,2023-06-20 00:16:55+00:00,437,0,0
1443,pzivich/zepid,22,2515,141,2022-10-23 20:29:45+00:00,676,0,0
1445,spacy-io/thinc,81,3605,2814,2024-06-03 20:04:41+00:00,87,0,0
1446,SeldonIO/MLServer,16,1535,685,2024-08-16 18:51:03+00:00,14,0,0
1447,alteryx/evalml,103,1869,753,2024-08-23 20:04:40+00:00,6,0,0
1448,biotite-dev/biotite,56,2587,603,2024-08-30 14:27:23+00:00,0,0,0
1449,pupil-labs/pupil,116,4030,1447,2024-02-02 12:50:42+00:00,210,0,0
1452,grid-control/grid-control,5,3963,23,2024-08-08 08:21:22+00:00,22,0,0
1453,calaldees/KaraKara,5,4539,28,2024-06-22 20:56:40+00:00,68,0,0
1454,ViDA-NYU/reprozip,37,3768,302,2024-02-15 17:07:38+00:00,197,0,0
1455,aerospike/aerospike-admin,83,3647,38,2024-07-30 19:17:47+00:00,30,0,0
1456,devexp-db/distgen,21,3398,18,2024-08-20 08:12:59+00:00,10,0,0
1457,Taapat/enigma2-plugin-youtube,226,3342,34,2024-08-20 15:03:29+00:00,10,0,0
1459,geopython/OWSLib,21,4611,381,2024-06-11 17:33:18+00:00,80,0,0
1464,google/grr,28,3921,4747,2024-08-20 08:33:56+00:00,10,0,0
1466,algorand/py-algorand-sdk,42,1905,265,2024-06-06 18:59:24+00:00,85,0,0
1468,rst2pdf/rst2pdf,11,3458,543,2024-08-11 17:55:38+00:00,19,0,0
1470,automl/HPOBench,6,1689,133,2023-03-21 14:35:58+00:00,528,0,0
1471,ctlearn-project/ctlearn,16,2877,54,2024-07-19 06:38:09+00:00,42,0,0
1472,mushorg/tanner,6,3309,219,2024-06-10 19:44:14+00:00,80,0,0
1473,owtf/owtf,12,4606,1802,2024-08-26 22:39:08+00:00,3,0,0
1474,e-koch/FilFinder,10,4115,40,2024-08-28 14:46:20+00:00,2,0,0
1475,pyspeckit/pyspeckit,14,4343,103,2024-08-22 00:08:35+00:00,8,0,0
1476,radio-astro-tools/spectral-cube,18,3790,95,2024-06-04 14:37:13+00:00,87,0,0
1477,spacetelescope/gwcs,18,3515,45,2024-08-21 15:53:52+00:00,9,0,0
1478,aio-libs/sockjs,12,3433,118,2024-06-13 12:25:35+00:00,78,0,0
1479,aws/deep-learning-containers,1924,1685,989,2024-08-29 18:41:08+00:00,1,0,0
1480,geospace-code/pymap3d,57,3679,381,2024-02-11 00:53:13+00:00,201,0,0
1481,mithi/hexapod-robot-simulator,5,1658,771,2023-04-09 11:53:51+00:00,509,0,0
1482,opencobra/memote,50,3030,125,2024-01-08 09:32:57+00:00,235,0,0
1483,cobrateam/django-htmlmin,5,4858,543,2022-10-10 17:26:53+00:00,690,0,0
1485,devitocodes/devito,38,3081,552,2024-08-21 15:39:53+00:00,9,0,0
1486,biobakery/MetaPhlAn,26,1652,288,2024-07-03 10:40:07+00:00,58,0,0
1487,nucypher/nucypher,11,2570,691,2024-08-12 13:46:38+00:00,18,0,0
1490,hamcrest/PyHamcrest,10,4997,765,2024-07-23 07:30:49+00:00,38,0,0
1491,tmux-python/libtmux,103,3021,1001,2024-08-26 10:50:19+00:00,4,0,0
1492,tmux-python/tmuxp,177,4020,4036,2024-08-26 10:50:31+00:00,4,0,0
1493,dsavransky/EXOSIMS,35,3377,25,2024-08-28 17:32:00+00:00,2,0,0
1494,pubnub/python,57,4206,157,2024-08-13 14:06:15+00:00,17,0,0
1495,holoviz/holoviz,8,2532,830,2024-07-10 03:48:28+00:00,51,0,0
1497,mhvk/baseband,17,3242,29,2024-08-22 14:36:44+00:00,8,0,0
1498,avocado-framework/avocado,35,3830,342,2024-08-26 10:39:03+00:00,4,0,0
1499,bashtage/randomgen,32,2382,101,2024-01-05 14:01:25+00:00,238,0,0
1500,borgbackup/borg,102,3396,10906,2024-08-29 12:31:05+00:00,1,0,0
1501,awslabs/amazon-qldb-driver-python,14,1779,42,2024-04-16 20:16:18+00:00,135,0,0
1502,seisman/HinetPy,36,3651,76,2024-08-22 12:52:38+00:00,8,0,0
1503,bccp/nbodykit,7,3418,110,2022-09-06 17:17:00+00:00,724,0,0
1507,rhinstaller/blivet,25,3857,97,2024-08-28 06:59:10+00:00,2,0,0
1508,cloudify-cosmo/cloudify-aws-plugin,89,3535,11,2024-02-15 02:53:22+00:00,197,0,0
1509,celery/py-amqp,11,4420,308,2024-06-04 08:11:41+00:00,87,0,0
1510,edx/repo-tools,29,3969,30,2024-08-30 14:01:02+00:00,0,0,0
1512,dwave-examples/factoring,5,2354,34,2023-10-31 03:36:04+00:00,304,0,0
1513,wtforms/wtforms,10,4005,1499,2024-06-30 03:38:13+00:00,61,0,0
1515,virt-manager/virt-manager,5,3387,2312,2024-08-28 19:09:31+00:00,1,0,0
1516,cov-lineages/pangolin,92,1607,422,2024-08-09 17:44:43+00:00,21,0,0
1517,nidhaloff/igel,14,1462,3079,2023-04-08 21:24:51+00:00,509,0,0
1520,koordinates/sno,34,2229,519,2024-06-20 22:45:01+00:00,70,0,0
1522,jupyter/jupyter_client,53,3430,379,2024-05-23 01:27:53+00:00,99,0,0
1523,dictation-toolbox/caster,5,3949,339,2023-09-30 02:55:17+00:00,335,0,0
1524,django-tastypie/django-tastypie,8,5267,3908,2024-08-23 19:23:23+00:00,6,0,0
1526,superdesk/superdesk-core,210,3297,30,2024-08-21 08:16:06+00:00,9,0,0
1530,kanaka/websockify,8,4977,3862,2024-08-29 14:35:49+00:00,1,0,0
1532,fonttools/ufoLib2,37,2306,25,2024-03-06 19:24:23+00:00,176,0,0
1534,microsoft/maro,21,1707,840,2023-10-30 10:34:18+00:00,305,0,0
1535,sns-sdks/python-youtube,9,2002,302,2024-08-09 02:17:39+00:00,21,0,0
1536,pybamm-team/PyBaMM,45,2129,1034,2024-08-28 20:23:02+00:00,1,0,0
1538,jazzband/django-pipeline,14,4836,1508,2024-08-18 19:00:34+00:00,12,0,0
1540,pierky/arouteserver,99,2768,285,2024-07-29 06:46:20+00:00,32,0,0
1541,josephbestjames/airtable.py,12,3465,262,2023-11-14 10:03:25+00:00,290,0,0
1542,maxmind/GeoIP2-python,40,4161,1098,2024-08-27 15:42:50+00:00,3,0,0
1545,tiangolo/meinheld-gunicorn-docker,5,2056,164,2024-08-26 02:09:21+00:00,4,0,0
1546,python-telegram-bot/python-telegram-bot,115,3341,25746,2024-08-26 18:16:35+00:00,4,0,0
